"search_keyword","qc","cc","ctr","uqc","ucc","uctr"
"사브르","1419","1390","102.0863309352518","343","295","116.27118644067797"
"컴터의자","42","29","144.82758620689654","5","4","125.0"
"아기패드","19","14","135.71428571428572","7","4","175.0"
"프리스비","24","33","72.72727272727273","2","2","100.0"
"드레스룸 서랍","17","6","283.3333333333333","15","5","300.0"
"20l 휴지통","112","79","141.77215189873417","20","15","133.33333333333334"
"저주파마사지기","10","5","200.0","3","3","100.0"
"실리팟","208","137","151.82481751824818","51","43","118.6046511627907"
"거실장 세트","17","21","80.95238095238095","6","5","120.0"
"신혼집 침대","17","60","28.333333333333332","2","2","100.0"
"티브없는거실","15","4","375.0","1","1","100.0"
"화장실 벽선반","23","13","176.92307692307693","7","7","100.0"
"일룸 캣타워","132","81","162.96296296296296","29","28","103.57142857142857"
"화장대 아크릴","17","7","242.85714285714286","5","4","125.0"
"톰스조명","14","9","155.55555555555554","2","2","100.0"
"롱스텐드","24","19","126.3157894736842","8","3","266.6666666666667"
"구급상자","1741","1129","154.207263064659","395","328","120.42682926829268"
"여자아이방","696","1116","62.365591397849464","90","74","121.62162162162163"
"에지리냄비","23","14","164.28571428571428","6","5","120.0"
"간이 침대","26","17","152.94117647058823","12","9","133.33333333333334"
"철재벙커침대","55","72","76.38888888888889","7","6","116.66666666666667"
"렉스퀸","15","7","214.28571428571428","3","2","150.0"
"DQ200PBBC","39","31","125.80645161290323","19","18","105.55555555555556"
"소형 건조대","24","19","126.3157894736842","5","5","100.0"
"피그먼트이불패드","14","13","107.6923076923077","1","1","100.0"
"입본장세트","17","14","121.42857142857143","2","2","100.0"
"등배게","18","13","138.46153846153845","8","4","200.0"
"코털","109","76","143.42105263157896","19","17","111.76470588235294"
"암막컨","10","1","1000.0","10","1","1000.0"
"매직리필","11","8","137.5","3","3","100.0"
"에이스","367","233","157.5107296137339","146","105","139.04761904761904"
"레노바티아","14","14","100.0","1","1","100.0"
"코르크","60","38","157.89473684210526","34","15","226.66666666666666"
"그린침구","30","30","100.0","5","3","166.66666666666666"
"스테인리스 거울","33","15","220.0","13","5","260.0"
"가림막커튼미니","14","12","116.66666666666667","1","1","100.0"
"7평 오피스텔","223","633","35.229067930489734","30","28","107.14285714285714"
"슬라툼","13","14","92.85714285714286","3","2","150.0"
"자석정리함","23","13","176.92307692307693","6","6","100.0"
"피규어수납","60","19","315.7894736842105","9","8","112.5"
"일식 숟가락","13","2","650.0","1","1","100.0"
"고기불판테이블","82","46","178.2608695652174","23","16","143.75"
"침대가리개","59","41","143.90243902439025","20","12","166.66666666666666"
"초록색 벽","16","20","80.0","2","2","100.0"
"시험관화병","37","22","168.1818181818182","9","8","112.5"
"위빙","36","17","211.76470588235293","18","10","180.0"
"벽타공","10","6","166.66666666666666","6","3","200.0"
"핸슨프라임","18","13","138.46153846153845","7","7","100.0"
"더크림드레스룸","29","27","107.4074074074074","2","2","100.0"
"침대 청소","12","6","200.0","7","5","140.0"
"야자 나무","17","15","113.33333333333333","2","1","200.0"
"현관문자석선반","10","5","200.0","5","3","166.66666666666666"
"서랍장 화장대","182","253","71.93675889328063","41","38","107.89473684210526"
"우드롱스탠드","11","3","366.6666666666667","2","1","200.0"
"주방수납장식탁","11","7","157.14285714285714","3","3","100.0"
"플라워가랜드","15","13","115.38461538461539","5","3","166.66666666666666"
"달리 시계","19","14","135.71428571428572","10","9","111.11111111111111"
"차탁자","10","9","111.11111111111111","3","2","150.0"
"헬스장","46","29","158.6206896551724","19","12","158.33333333333334"
"emfptmfna","18","18","100.0","8","8","100.0"
"동그란거울","32","18","177.77777777777777","5","5","100.0"
"냉장고보드","154","120","128.33333333333334","31","23","134.7826086956522"
"아쿠아쇼파4인용","12","11","109.0909090909091","1","1","100.0"
"템바보드벽","47","44","106.81818181818181","9","6","150.0"
"뽀모도로","20","10","200.0","11","5","220.0"
"못없이 ","20","15","133.33333333333334","7","7","100.0"
"상상후 패브릭 포스터","16","6","266.6666666666667","2","2","100.0"
"비빔밥그릇","104","51","203.92156862745097","33","23","143.47826086956522"
"럭,","14","9","155.55555555555554","12","7","171.42857142857142"
"이레카","12","6","200.0","3","2","150.0"
"화장실 자갈","17","12","141.66666666666666","4","3","133.33333333333334"
"한경희","79","44","179.54545454545453","40","25","160.0"
"옛날 창문 커튼","10","7","142.85714285714286","1","1","100.0"
"대나무 쟁반","20","16","125.0","2","2","100.0"
"미라스","36","22","163.63636363636363","16","12","133.33333333333334"
"모튤트롤리","13","13","100.0","1","1","100.0"
"포토메리온커피잔","61","49","124.48979591836735","5","5","100.0"
"골드사이드테이블","27","22","122.72727272727273","5","5","100.0"
"문시계","15","12","125.0","1","1","100.0"
"매드독캠프","72","38","189.47368421052633","17","11","154.54545454545453"
"조각벽지","40","20","200.0","10","7","142.85714285714286"
"자루형 베개커버","14","6","233.33333333333334","5","3","166.66666666666666"
"독서실스탠드","36","18","200.0","8","7","114.28571428571429"
"라운드라운드","83","56","148.21428571428572","19","18","105.55555555555556"
"강아지장난감","168","131","128.24427480916032","36","31","116.12903225806451"
"vittsjo","11","3","366.6666666666667","2","1","200.0"
"안경트레이","36","23","156.52173913043478","11","7","157.14285714285714"
"차량용휴지통","72","91","79.12087912087912","18","14","128.57142857142858"
"슬라이딩옷장2400","12","9","133.33333333333334","5","5","100.0"
"Q4","94","43","218.6046511627907","32","25","128.0"
"쉬폰커톈","11","7","157.14285714285714","1","1","100.0"
"유아의자","326","170","191.76470588235293","96","57","168.42105263157896"
"고재판넬","11","6","183.33333333333334","3","3","100.0"
"침구세트k","19","20","95.0","3","3","100.0"
"샘베딩베이직옷장","11","4","275.0","2","1","200.0"
"엔슬립","13","7","185.71428571428572","4","4","100.0"
"폽업","11","8","137.5","5","3","166.66666666666666"
"덴비 머그컵","20","8","250.0","2","2","100.0"
"무점착창문시트지","18","14","128.57142857142858","2","2","100.0"
"리모델링순서","19","14","135.71428571428572","3","3","100.0"
"시화mtv","13","2","650.0","8","1","800.0"
"디디오랩 가습기","10","5","200.0","5","4","125.0"
"핑크핑크 원룸","16","16","100.0","1","1","100.0"
"싱글수납침대","304","226","134.5132743362832","43","41","104.8780487804878"
"민원","14","3","466.6666666666667","2","1","200.0"
"삼성태블릿","36","22","163.63636363636363","7","5","140.0"
"뉴욕 ","14","28","50.0","2","2","100.0"
"의자쿠션","382","249","153.41365461847388","163","104","156.73076923076923"
"현관 가리개","313","268","116.7910447761194","66","56","117.85714285714286"
"작은방드레스룸","59","46","128.2608695652174","18","17","105.88235294117646"
"마이플랜트화분","69","58","118.96551724137932","1","1","100.0"
"kk","39","26","150.0","9","8","112.5"
"봄이불 sk","10","12","83.33333333333333","1","1","100.0"
"웨이브의자","11","5","220.0","2","1","200.0"
"마루바닥","234","184","127.17391304347827","49","38","128.94736842105263"
"냉장고손잡이","27","5","540.0","12","4","300.0"
"나무조화화분","11","9","122.22222222222223","1","1","100.0"
" 네모난 탁자","16","1","1600.0","1","1","100.0"
"지정배송","28","11","254.54545454545453","13","9","144.44444444444446"
"거실패브릭포스터","33","75","44.0","5","4","125.0"
"폴딩 체어","57","46","123.91304347826087","13","11","118.18181818181819"
"화장품 정리","1513","1183","127.89518174133559","330","263","125.47528517110266"
"자주거실화","11","8","137.5","3","3","100.0"
"벽부등","157","78","201.28205128205127","56","32","175.0"
"이케아선반장","11","3","366.6666666666667","4","2","200.0"
"구르미","14","8","175.0","6","4","150.0"
"숟가락살균기","10","5","200.0","3","2","150.0"
"한솔마루","15","13","115.38461538461539","3","3","100.0"
"800 키큰 수납장","18","15","120.0","2","2","100.0"
"먼데이하우스 소파","679","459","147.93028322440088","201","180","111.66666666666667"
"줄 조명","95","78","121.7948717948718","34","23","147.82608695652175"
"샤오미필터","10","4","250.0","5","4","125.0"
"가방 쇼케이스","13","11","118.18181818181819","2","2","100.0"
"오투가구 책상","11","3","366.6666666666667","4","2","200.0"
"주방 서랍 수납","10","16","62.5","1","1","100.0"
"행잉포켓주머니","22","31","70.96774193548387","1","1","100.0"
"모달패드","188","114","164.91228070175438","43","37","116.21621621621621"
"욕실 바닥","133","91","146.15384615384616","35","29","120.6896551724138"
"목재재단","45","28","160.71428571428572","13","13","100.0"
"현관문 필름시공","22","12","183.33333333333334","1","1","100.0"
"한샘 도노 6인","11","7","157.14285714285714","1","1","100.0"
"베란다우수관","16","12","133.33333333333334","6","4","150.0"
"훈탄","11","7","157.14285714285714","5","4","125.0"
"1600책상","381","296","128.71621621621622","62","54","114.81481481481481"
"부착식식기","28","21","133.33333333333334","5","5","100.0"
"라탄쇼파","128","77","166.23376623376623","36","21","171.42857142857142"
"디어트리","28","15","186.66666666666666","8","7","114.28571428571429"
"킹메트리스","25","16","156.25","7","4","175.0"
"냉장고 꾸미기","91","74","122.97297297297297","26","18","144.44444444444446"
"화장솜보관함","20","19","105.26315789473684","8","8","100.0"
"포인트몰딩","21","5","420.0","4","2","200.0"
"사케병","15","4","375.0","7","2","350.0"
"트레이 옷정리","11","10","110.0","1","1","100.0"
"레트로 잔","16","6","266.6666666666667","5","3","166.66666666666666"
"원형테이블1000","350","255","137.2549019607843","86","66","130.3030303030303"
"유리문","116","59","196.61016949152543","42","27","155.55555555555554"
"욕실 젠다이","13","7","185.71428571428572","6","4","150.0"
"취미","361","360","100.27777777777777","104","73","142.46575342465752"
"필웰광파","15","9","166.66666666666666","4","2","200.0"
"태슬","48","40","120.0","14","10","140.0"
"비스포크 키친핏 식기세척기","13","13","100.0","2","2","100.0"
"얇은 수납장","113","102","110.7843137254902","49","38","128.94736842105263"
"셀프방충망","11","3","366.6666666666667","2","1","200.0"
"손세정제","528","318","166.03773584905662","187","126","148.4126984126984"
"아쿠아유리","19","10","190.0","9","6","150.0"
"코렐 저스트화이트","79","56","141.07142857142858","25","20","125.0"
"미카엘와이드체스트","10","6","166.66666666666666","4","3","133.33333333333334"
"클린업","47","33","142.42424242424244","15","14","107.14285714285714"
"쇼파3인용카페트","13","2","650.0","1","1","100.0"
"정사각테이블","81","42","192.85714285714286","22","15","146.66666666666666"
"베드 스커트 ","16","12","133.33333333333334","4","4","100.0"
"대나무깔판","13","5","260.0","4","2","200.0"
"창문형커텐","172","149","115.43624161073825","15","14","107.14285714285714"
"중정주택","31","26","119.23076923076923","4","3","133.33333333333334"
"체크 커텐","31","25","124.0","8","7","114.28571428571429"
"리앤룸","210","160","131.25","49","44","111.36363636363636"
"수평패드","10","6","166.66666666666666","4","3","133.33333333333334"
"미니건조기 5kg","12","10","120.0","2","2","100.0"
"전기 포트","115","85","135.2941176470588","24","20","120.0"
"컴퓨터본체","305","214","142.52336448598132","103","72","143.05555555555554"
"벽거울 500","11","9","122.22222222222223","2","1","200.0"
"수납박스","8591","6234","137.80879050368944","1883","1524","123.55643044619423"
"1인용좌식소파","46","28","164.28571428571428","6","3","200.0"
"더플레이트","131","67","195.52238805970148","45","31","145.16129032258064"
"접착 시트지","10","3","333.3333333333333","1","1","100.0"
"나무 숟가락","48","27","177.77777777777777","16","13","123.07692307692308"
"다이슨에어랩 거치대","34","22","154.54545454545453","9","8","112.5"
"유캐슬거실장","15","14","107.14285714285714","1","1","100.0"
"모던하우스 내열유리컵","10","9","111.11111111111111","2","2","100.0"
"거실무드등","58","64","90.625","18","12","150.0"
"주방물컵","15","28","53.57142857142857","1","1","100.0"
"철재진열장","10","9","111.11111111111111","3","2","150.0"
"쓰레기 봉투","27","14","192.85714285714286","8","5","160.0"
"구축수도공사비용","13","12","108.33333333333333","1","1","100.0"
"본생리대","10","8","125.0","2","2","100.0"
"수영복","12","6","200.0","7","2","350.0"
"영국그릇","22","5","440.0","3","3","100.0"
"다즐 다리미판","10","15","66.66666666666667","1","1","100.0"
"바지걸리","36","9","400.0","22","6","366.6666666666667"
"이다네스","24","9","266.6666666666667","6","5","120.0"
"이래카야자 조화","12","7","171.42857142857142","1","1","100.0"
"기능성베개","25","11","227.27272727272728","7","4","175.0"
"하얀 커튼","12","9","133.33333333333334","3","2","150.0"
"사계절이불커버","31","21","147.61904761904762","4","4","100.0"
"감성이불","37","47","78.72340425531915","14","7","200.0"
"아이서랍","13","9","144.44444444444446","2","2","100.0"
"빨리건조대","23","9","255.55555555555554","8","5","160.0"
"도시락 수저 세트","15","2","750.0","1","1","100.0"
"패드더블침대","14","13","107.6923076923077","1","1","100.0"
"생일 현수막","20","16","125.0","4","4","100.0"
"플랜트란스","850","632","134.49367088607596","194","170","114.11764705882354"
"책상 1700","16","14","114.28571428571429","3","2","150.0"
"오렌지 포스터","28","19","147.3684210526316","7","6","116.66666666666667"
"미끄럼방지패드","258","155","166.4516129032258","91","57","159.64912280701753"
"쿨토퍼","22","8","275.0","8","5","160.0"
"패드 고정","33","25","132.0","9","5","180.0"
"파티션선반","422","267","158.05243445692884","127","92","138.04347826086956"
"미니 석고상","23","15","153.33333333333334","6","5","120.0"
"75인치티비거실장","27","20","135.0","5","4","125.0"
"엑스트라킹","11","5","220.0","4","3","133.33333333333334"
"베란다화장실","29","14","207.14285714285714","11","7","157.14285714285714"
"간이의자","596","361","165.09695290858727","213","146","145.8904109589041"
"모노륨","29","23","126.08695652173913","10","9","111.11111111111111"
"주백색 조명","12","8","150.0","3","3","100.0"
"무헤드수납ㅁ대","11","8","137.5","1","1","100.0"
"이동식 쇼파테이블","16","25","64.0","2","2","100.0"
"디펜서","33","15","220.0","24","11","218.1818181818182"
"높낮이조절사이드테이블","10","10","100.0","2","2","100.0"
"서재의자","293","321","91.27725856697819","50","40","125.0"
"현대l&c","10","8","125.0","4","4","100.0"
"먼치킨 캣타워","10","3","333.3333333333333","3","2","150.0"
"반전신거울","30","17","176.47058823529412","9","5","180.0"
"둥지침대","13","3","433.3333333333333","2","1","200.0"
"애견여름옷","10","7","142.85714285714286","1","1","100.0"
"샤워매트","26","10","260.0","9","5","180.0"
"아이파크","62","35","177.14285714285714","15","11","136.36363636363637"
"1000 주방 수납장","11","5","220.0","2","1","200.0"
"원목장스탠드","17","31","54.83870967741935","5","3","166.66666666666666"
"#90 협탁","14","6","233.33333333333334","1","1","100.0"
"이케아 이불커버","32","65","49.23076923076923","6","5","120.0"
"거실간이테이블","36","28","128.57142857142858","3","2","150.0"
"탑층","288","392","73.46938775510205","31","29","106.89655172413794"
"현관분리","41","31","132.25806451612902","11","7","157.14285714285714"
"릴리브","91","65","140.0","37","30","123.33333333333333"
"벽지걸이","22","12","183.33333333333334","5","5","100.0"
"무늬아이비","10","6","166.66666666666666","6","4","150.0"
"카지미르말레비치","15","18","83.33333333333333","2","1","200.0"
"대형 인형","20","13","153.84615384615384","8","5","160.0"
"특대형 화분","12","8","150.0","3","1","300.0"
"위스키얼음","13","8","162.5","4","4","100.0"
"마당데크","32","27","118.51851851851852","2","2","100.0"
"이찌라쿠","23","16","143.75","5","5","100.0"
"차완무시","22","13","169.23076923076923","7","6","116.66666666666667"
"싱크식기건조대","14","9","155.55555555555554","2","2","100.0"
"인테리어스티커","151","96","157.29166666666666","32","22","145.45454545454547"
"20평대 복도식","23","41","56.09756097560975","4","4","100.0"
"골드육각","11","14","78.57142857142857","1","1","100.0"
"삼성 비스포크 공기청정기","10","6","166.66666666666666","4","4","100.0"
"에어컨1등급","50","31","161.29032258064515","18","15","120.0"
"서랍형 슈퍼싱글 침대","11","0","Infinity","1","0","Infinity"
"포스터 가로","23","19","121.05263157894737","10","7","142.85714285714286"
"소파 거실 중간","11","6","183.33333333333334","1","1","100.0"
"led자석","10","4","250.0","3","3","100.0"
"보일러 바닥 ","10","4","250.0","1","1","100.0"
"데코룸원형테이블","12","10","120.0","2","2","100.0"
"파라킷","27","21","128.57142857142858","5","5","100.0"
"명화 밥상","11","4","275.0","2","2","100.0"
"천연수세미","386","265","145.66037735849056","81","66","122.72727272727273"
"대용량 가습기","32","30","106.66666666666667","5","5","100.0"
"심소자","27","22","122.72727272727273","4","4","100.0"
"유럽감성","14","17","82.3529411764706","4","3","133.33333333333334"
"찬그릇","18","9","200.0","4","4","100.0"
"토스트기 전기포트","14","12","116.66666666666667","2","2","100.0"
"벽바구니","10","6","166.66666666666666","4","3","133.33333333333334"
"퓨리케어 공기청정기","28","19","147.3684210526316","10","10","100.0"
"리모컨 트레이","12","21","57.142857142857146","7","3","233.33333333333334"
"보니타세라믹","10","6","166.66666666666666","1","1","100.0"
"그림 diy","22","15","146.66666666666666","3","3","100.0"
"원형밥상","40","16","250.0","13","9","144.44444444444446"
"텔팔후라이펜인덕션","12","9","133.33333333333334","1","1","100.0"
"방수원형테이블보","15","9","166.66666666666666","3","3","100.0"
"싱크대서랍트레이","28","51","54.90196078431372","6","5","120.0"
"오피스텔원룸","87","112","77.67857142857143","16","16","100.0"
"준우드식탁","14","10","140.0","1","1","100.0"
"냄비 후라이팬","68","91","74.72527472527473","13","12","108.33333333333333"
"인덕션불판","14","9","155.55555555555554","6","4","150.0"
"벽지 얼룩","13","3","433.3333333333333","4","2","200.0"
"해밀디자인","10","2","500.0","2","2","100.0"
"조팝나무","86","43","200.0","24","17","141.1764705882353"
" 책육아","13","16","81.25","1","1","100.0"
"겨울 실내화","14","12","116.66666666666667","2","2","100.0"
"미드센츄리 방석","12","10","120.0","4","4","100.0"
"라탄티슈","33","23","143.47826086956522","9","8","112.5"
"플라워침구","55","55","100.0","10","9","111.11111111111111"
"쿠쿠식기건조기","20","8","250.0","3","3","100.0"
"세탁가능소파","17","15","113.33333333333333","4","3","133.33333333333334"
"바디트리머","11","7","157.14285714285714","3","3","100.0"
"크나페르","47","26","180.76923076923077","11","11","100.0"
"에어파라이기","15","10","150.0","1","1","100.0"
"미엘르","11","4","275.0","4","3","133.33333333333334"
"아이패드 ","66","46","143.47826086956522","26","15","173.33333333333334"
"포트메리온 ","51","35","145.71428571428572","14","7","200.0"
"슬라이딩옷장 2000","15","17","88.23529411764706","2","2","100.0"
"야외 베란다","14","40","35.0","2","1","200.0"
"슬림바테이블","21","22","95.45454545454545","4","4","100.0"
"오븐 접시","34","21","161.9047619047619","10","7","142.85714285714286"
"KQ50QNA90AFXKR","12","11","109.0909090909091","7","6","116.66666666666667"
"차단기","21","8","262.5","8","5","160.0"
"깨갈이","242","162","149.3827160493827","58","50","116.0"
"부케","56","36","155.55555555555554","25","13","192.30769230769232"
"플랩도어 ","11","7","157.14285714285714","4","2","200.0"
"행복주택 쇼파","16","6","266.6666666666667","3","3","100.0"
" 휴지통","21","24","87.5","4","4","100.0"
"쓰래기통","99","79","125.31645569620254","52","35","148.57142857142858"
"앰프","72","52","138.46153846153845","25","19","131.57894736842104"
"행거 밑 수납","20","16","125.0","1","1","100.0"
"냄비 세트","179","194","92.26804123711341","44","35","125.71428571428571"
"식탁 74","10","9","111.11111111111111","1","1","100.0"
"강아지빗","36","9","400.0","15","6","250.0"
"윈도우베드","15","25","60.0","2","1","200.0"
"커텐링","26","19","136.8421052631579","9","9","100.0"
"유선청소기","1063","727","146.21733149931225","239","198","120.70707070707071"
"A9370IK","34","13","261.53846153846155","8","8","100.0"
"중성세제","104","73","142.46575342465752","25","19","131.57894736842104"
"아이르 보이드","69","40","172.5","12","11","109.0909090909091"
"옷탈취제","12","9","133.33333333333334","5","4","125.0"
"아치형 주방","24","25","96.0","2","1","200.0"
"삼성 스마트모니터","16","12","133.33333333333334","8","6","133.33333333333334"
"필로덴드론","108","81","133.33333333333334","29","17","170.58823529411765"
"2인쇼파 그린","35","34","102.94117647058823","2","2","100.0"
"천장도배","13","6","216.66666666666666","4","3","133.33333333333334"
"모기 포집기","12","2","600.0","1","1","100.0"
"샤워랩가운","10","9","111.11111111111111","3","3","100.0"
"샤오미 선풍기","124","83","149.3975903614458","35","30","116.66666666666667"
"손모양","23","12","191.66666666666666","7","6","116.66666666666667"
"킹 토퍼","22","14","157.14285714285714","3","3","100.0"
"바움쇼파","19","10","190.0","4","4","100.0"
"책상1800","212","217","97.6958525345622","37","33","112.12121212121212"
"바우하우스포스터","49","57","85.96491228070175","7","7","100.0"
"녹즙기","39","16","243.75","17","8","212.5"
"LED 침대프레임","13","13","100.0","2","2","100.0"
"휴지케이스라탄","10","2","500.0","3","2","150.0"
"24인치","10","7","142.85714285714286","3","2","150.0"
"후라이팬거치대","120","90","133.33333333333334","34","28","121.42857142857143"
"40l","14","6","233.33333333333334","5","3","166.66666666666666"
"엣지월","276","224","123.21428571428571","77","69","111.59420289855072"
"매트리스커저","12","8","150.0","8","2","400.0"
"싱크대문걸이","16","5","320.0","8","3","266.6666666666667"
"러그 카페트 리퍼","11","11","100.0","1","1","100.0"
"한샘키큰장","10","3","333.3333333333333","6","2","300.0"
"원목플레이트","32","23","139.1304347826087","10","8","125.0"
"데코뷰파스타볼","13","8","162.5","5","4","125.0"
"주방휴지통","280","168","166.66666666666666","68","51","133.33333333333334"
"침대 각도조절 테이블","14","8","175.0","1","1","100.0"
"곰 러그","28","13","215.3846153846154","11","8","137.5"
"모자걸아","11","8","137.5","1","1","100.0"
"석양 조명","10","8","125.0","4","3","133.33333333333334"
"자주러그","11","10","110.0","2","2","100.0"
"플라스틱와이드수납장","11","6","183.33333333333334","2","1","200.0"
"접시받침대","61","28","217.85714285714286","24","14","171.42857142857142"
"베이지침구","29","44","65.9090909090909","5","3","166.66666666666666"
"스툴바퀴","16","9","177.77777777777777","2","2","100.0"
"화장품 회전","18","12","150.0","4","4","100.0"
"베란다 백자갈","11","2","550.0","1","1","100.0"
"책상 이케아","48","37","129.72972972972974","10","9","111.11111111111111"
"화장실 간접등","13","9","144.44444444444446","3","2","150.0"
"카페수납","33","19","173.68421052631578","9","8","112.5"
"욕조 거름망","12","8","150.0","2","1","200.0"
"화장품 수납정리함","11","1","1100.0","1","1","100.0"
"천정 고리","10","8","125.0","4","4","100.0"
"파워플레이","23","11","209.0909090909091","16","9","177.77777777777777"
"다용도 3단 문걸이 선반","14","3","466.6666666666667","3","2","150.0"
"보나 베이비장","11","8","137.5","6","4","150.0"
"접이식쿠션의자","12","9","133.33333333333334","6","6","100.0"
"바닥청소","85","48","177.08333333333334","35","20","175.0"
"납작플러그","14","5","280.0","9","5","180.0"
"의자왕의자","22","17","129.41176470588235","1","1","100.0"
"빨래텅","25","7","357.14285714285717","21","2","1050.0"
"아이캔더","14","0","Infinity","7","0","Infinity"
"베란다문침대헤드","15","10","150.0","1","1","100.0"
"테리파머수건","10","4","250.0","4","3","133.33333333333334"
"빈티지블랭킷","26","13","200.0","4","4","100.0"
"핀형암막커튼","64","55","116.36363636363636","12","12","100.0"
"퐅딩선반","15","13","115.38461538461539","1","1","100.0"
"옥스베리","10","17","58.8235294117647","3","3","100.0"
"심플 벽등","12","0","Infinity","2","0","Infinity"
"전세빌라","27","24","112.5","3","3","100.0"
"다크우드","71","63","112.6984126984127","17","14","121.42857142857143"
"꾀람쥐","34","4","850.0","16","3","533.3333333333334"
"화이트앤우드","127","135","94.07407407407408","33","30","110.0"
"야외 스크린 ","10","1","1000.0","1","1","100.0"
"화이트 그레이","66","54","122.22222222222223","14","8","175.0"
"높은침대헤드","22","7","314.2857142857143","8","3","266.6666666666667"
"캠프밸리수유의자","89","60","148.33333333333334","23","22","104.54545454545455"
"그레이톤 주방","17","12","141.66666666666666","3","2","150.0"
"코니","10","4","250.0","6","4","150.0"
"창틀빨래","11","5","220.0","3","3","100.0"
"프라이팬 정리대","18","13","138.46153846153845","8","6","133.33333333333334"
"가죽 티슈케이스","18","11","163.63636363636363","5","5","100.0"
"마로니기미","11","9","122.22222222222223","1","1","100.0"
"벙커치때","12","5","240.0","4","1","400.0"
"diy 그리기","10","6","166.66666666666666","1","1","100.0"
"전기모기채","85","61","139.34426229508196","17","14","121.42857142857143"
"호텔 ","24","20","120.0","6","5","120.0"
"코토세라믹","11","9","122.22222222222223","2","2","100.0"
"책상수납원목","11","6","183.33333333333334","1","1","100.0"
"캣터워 리퍼","21","5","420.0","1","1","100.0"
"디자인바꿈","10","6","166.66666666666666","5","5","100.0"
"물컵보관","10","16","62.5","3","2","150.0"
"렉슨 미나 미니","11","9","122.22222222222223","5","5","100.0"
"공간활용 식탁","16","11","145.45454545454547","6","5","120.0"
"옷장서랍","276","188","146.80851063829786","95","61","155.7377049180328"
"틈새가구.","15","10","150.0","1","1","100.0"
"우풍차단","56","23","243.47826086956522","11","6","183.33333333333334"
"요거트용기","10","6","166.66666666666666","4","3","133.33333333333334"
"벤치의자 데스커","13","9","144.44444444444446","1","1","100.0"
"케이블 보호","17","5","340.0","7","4","175.0"
"키친타올 정리","21","42","50.0","7","7","100.0"
"셀프 팬트리","13","11","118.18181818181819","1","1","100.0"
"6.5평","99","85","116.47058823529412","13","12","108.33333333333333"
"일룸 카페장 ","15","30","50.0","1","1","100.0"
"카우치소파놓는법","10","0","Infinity","1","0","Infinity"
"고양이자석","36","32","112.5","7","6","116.66666666666667"
"사계절러그","1275","1045","122.00956937799043","188","166","113.25301204819277"
"연작시스템","10","4","250.0","3","1","300.0"
"오래된 아파트 ","11","8","137.5","2","1","200.0"
"거실침대소파","11","31","35.483870967741936","1","1","100.0"
"코끼리 커텐","35","42","83.33333333333333","1","1","100.0"
"리퍼매트","223","175","127.42857142857143","28","21","133.33333333333334"
"냄비받침대","610","412","148.05825242718447","127","102","124.50980392156863"
"엘이디거울","24","14","171.42857142857142","5","4","125.0"
"아이들방러그","20","1","2000.0","4","1","400.0"
"우아인테리어","23","14","164.28571428571428","4","4","100.0"
"방문잠금","20","3","666.6666666666666","4","2","200.0"
"맞춤암막","10","5","200.0","3","3","100.0"
"신발방수커버","17","8","212.5","3","3","100.0"
"%ED%98%B8%EC%95%BC","283","32","884.375","85","13","653.8461538461538"
"공기정화 화분","16","7","228.57142857142858","3","3","100.0"
"유럽액자","39","17","229.41176470588235","8","7","114.28571428571429"
"미니몬스테라","11","6","183.33333333333334","5","2","250.0"
"솜트리","18","5","360.0","7","4","175.0"
"거울골드","71","68","104.41176470588235","5","5","100.0"
"청소솔","969","732","132.37704918032787","225","189","119.04761904761905"
"깊은장","30","23","130.43478260869566","11","8","137.5"
"인테리어진열장","12","9","133.33333333333334","2","2","100.0"
"락앤락탑클라스","23","6","383.3333333333333","4","2","200.0"
"고밀도 ","10","7","142.85714285714286","1","1","100.0"
"샤베트","21","8","262.5","11","5","220.0"
"리모컨정리","593","460","128.91304347826087","145","117","123.93162393162393"
"라자가구 책상","10","6","166.66666666666666","5","4","125.0"
"배관커버","21","9","233.33333333333334","13","8","162.5"
"베어 이불","22","16","137.5","6","6","100.0"
"#거실인테리어","434","1275","34.03921568627451","68","54","125.92592592592592"
"정리하기","29","23","126.08695652173913","1","1","100.0"
"띠부띠부","13","8","162.5","7","7","100.0"
"접이식홈바","29","10","290.0","11","5","220.0"
"리퍼 커피머신","15","11","136.36363636363637","3","3","100.0"
"퀸침대 매트리스","16","12","133.33333333333334","2","2","100.0"
"캔들 홀더","196","164","119.51219512195122","57","42","135.71428571428572"
"욕실방수시계","65","45","144.44444444444446","14","12","116.66666666666667"
"clip4","12","7","171.42857142857142","1","1","100.0"
"노출콘센트","28","9","311.1111111111111","3","3","100.0"
"세계","19","22","86.36363636363636","4","3","133.33333333333334"
"벽수납","600","402","149.2537313432836","151","115","131.30434782608697"
"웻지우드","10","3","333.3333333333333","2","1","200.0"
"AI","14","4","350.0","5","2","250.0"
"라탄수납함","303","193","156.99481865284974","74","59","125.42372881355932"
"매거진 렉","10","8","125.0","3","2","150.0"
"트리스토어","30","23","130.43478260869566","13","11","118.18181818181819"
"다용도실시트지","11","6","183.33333333333334","2","1","200.0"
"매스티지데코 화장대","21","16","131.25","3","3","100.0"
"오뉴씨","33","18","183.33333333333334","11","10","110.0"
"서랍당","56","81","69.1358024691358","13","3","433.3333333333333"
"알파룸드레스룸","15","17","88.23529411764706","2","2","100.0"
"오블리크테이블","364","269","135.31598513011153","93","82","113.41463414634147"
"레마 테이블","14","6","233.33333333333334","3","2","150.0"
"새싹","13","7","185.71428571428572","4","2","200.0"
"평상형led","13","10","130.0","1","1","100.0"
"선정리 책상","17","9","188.88888888888889","1","1","100.0"
"스밈","18","8","225.0","5","4","125.0"
"종이테이프","79","52","151.92307692307693","29","26","111.53846153846153"
"샤오미어항","29","19","152.6315789473684","8","8","100.0"
"미니꽃병","52","37","140.54054054054055","15","12","125.0"
"레이스 이불커버","15","15","100.0","3","3","100.0"
"계단 조명","25","22","113.63636363636364","7","4","175.0"
"4단서랍장","1647","1208","136.341059602649","325","278","116.90647482014388"
"Tv 서랍장","13","7","185.71428571428572","2","1","200.0"
"침실인테리어 붙박이","25","21","119.04761904761905","1","1","100.0"
"앨빈 워셔블 풀커버 패브릭 소파 여벌커버","11","6","183.33333333333334","2","2","100.0"
"에이트룸차렵 화이트","10","7","142.85714285714286","1","1","100.0"
"디지털가전","58","13","446.15384615384613","26","7","371.42857142857144"
"해바라기조화","172","143","120.27972027972028","34","28","121.42857142857143"
"어반 14p","10","8","125.0","1","1","100.0"
"멀바우책장","30","22","136.36363636363637","8","7","114.28571428571429"
"청정기커버","10","7","142.85714285714286","2","1","200.0"
"탁상용 책장","11","5","220.0","3","3","100.0"
"점박이머그","11","5","220.0","4","2","200.0"
"타공파티션","565","343","164.72303206997086","151","121","124.79338842975207"
"슬링백","87","127","68.50393700787401","23","15","153.33333333333334"
"삼각등쿠션","3041","2442","124.52907452907453","579","527","109.86717267552181"
"와이어","178","157","113.37579617834395","50","38","131.57894736842104"
"led펜던트등","11","11","100.0","1","1","100.0"
"온도하늘이야기","54","30","180.0","15","14","107.14285714285714"
"밸류세라믹","44","34","129.41176470588235","8","7","114.28571428571429"
"쇼파전기장판","21","15","140.0","5","4","125.0"
"풍경일러스트패브릭","21","17","123.52941176470588","1","1","100.0"
"이케아야외테이블","22","14","157.14285714285714","5","4","125.0"
"아이리버","72","55","130.9090909090909","27","24","112.5"
"부착형선반","35","16","218.75","14","7","200.0"
"층간소음매트 퍼즐","14","5","280.0","1","1","100.0"
"레터링러그","30","13","230.76923076923077","12","5","240.0"
"스텐통3중냄비","10","7","142.85714285714286","1","1","100.0"
"수압상승","91","61","149.18032786885246","26","23","113.04347826086956"
"더자리체어","99","55","180.0","32","27","118.51851851851852"
"블루밍홈책상","13","9","144.44444444444446","6","6","100.0"
"장미맨숀리퍼","395","254","155.51181102362204","78","68","114.70588235294117"
"거실구조","10","5","200.0","3","1","300.0"
"led 장스탠드","34","39","87.17948717948718","8","5","160.0"
"소파베드토퍼","13","6","216.66666666666666","3","2","150.0"
"주방 브라운","12","11","109.0909090909091","1","1","100.0"
"전자레인지 ","90","59","152.54237288135593","41","21","195.23809523809524"
"포더홈 의자","15","6","250.0","4","4","100.0"
"마켓비 수납장","997","780","127.82051282051282","285","231","123.37662337662337"
"벽걸이 수납","327","417","78.41726618705036","90","69","130.43478260869566"
"1200와이드서랍장","31","25","124.0","4","3","133.33333333333334"
"이츠독","11","10","110.0","2","2","100.0"
"향수수납","56","55","101.81818181818181","21","17","123.52941176470588"
"유리중문","34","29","117.24137931034483","12","10","120.0"
"메모리폼베게카바","14","13","107.6923076923077","1","1","100.0"
"아파트중문","69","59","116.94915254237289","14","11","127.27272727272727"
"오벌플레이트","111","71","156.33802816901408","25","20","125.0"
"KU43UA7000FXKR","27","24","112.5","12","12","100.0"
"투명수납함","282","194","145.36082474226805","69","51","135.2941176470588"
"세로형페브릭포스터","31","125","24.8","3","3","100.0"
"소이캔들재료","10","3","333.3333333333333","4","2","200.0"
"머스타드블랭킷","12","17","70.58823529411765","2","2","100.0"
"옷 압축팩","14","7","200.0","4","3","133.33333333333334"
"러브","28","10","280.0","24","5","480.0"
"폴딩책상","49","31","158.06451612903226","12","9","133.33333333333334"
"틈새선반 수납장","10","2","500.0","3","1","300.0"
"도어형수납장","53","39","135.89743589743588","11","7","157.14285714285714"
"aratani","29","58","50.0","3","3","100.0"
"3연동초슬림","11","0","Infinity","1","0","Infinity"
"빗셰","143","156","91.66666666666667","24","21","114.28571428571429"
"고흐 패브릭 포스터","13","36","36.111111111111114","2","2","100.0"
"세탁건조기","78","59","132.20338983050848","23","17","135.2941176470588"
"쉬폰 창문","12","13","92.3076923076923","2","2","100.0"
"팬트리장 시트지","10","6","166.66666666666666","1","1","100.0"
"접이식 베드테이블","17","11","154.54545454545453","3","3","100.0"
"수납형","88","36","244.44444444444446","27","18","150.0"
"600%EC%98%B7%EC%9E%A5","15","10","150.0","1","1","100.0"
"whghk","22","23","95.65217391304348","9","9","100.0"
"배터리형 스탠드","10","1","1000.0","1","1","100.0"
"후도","13","2","650.0","11","2","550.0"
"블랙 수납장","61","53","115.09433962264151","14","13","107.6923076923077"
"블루 포인트","27","26","103.84615384615384","3","3","100.0"
"장롱거울","10","3","333.3333333333333","5","2","250.0"
"미니 전기포트","26","12","216.66666666666666","9","5","180.0"
"레이디각 ","14","3","466.6666666666667","10","2","500.0"
"화장실 무타공","40","25","160.0","8","7","114.28571428571429"
"리바트 스키니","15","6","250.0","2","2","100.0"
"크로스앞치마","24","16","150.0","4","3","133.33333333333334"
"선인장","1503","951","158.0441640378549","378","279","135.48387096774192"
"에이드잔","87","52","167.30769230769232","26","18","144.44444444444446"
"고정","53","44","120.45454545454545","19","9","211.11111111111111"
"책장서랍","168","90","186.66666666666666","46","34","135.2941176470588"
"커텐핀형","15","12","125.0","4","3","133.33333333333334"
"사무용책상의자세트","14","9","155.55555555555554","1","1","100.0"
"원룸 옷걸이","10","7","142.85714285714286","2","2","100.0"
"슬라이딩 거울 화장대","15","11","136.36363636363637","3","3","100.0"
"노란색스탠드","10","7","142.85714285714286","2","2","100.0"
"투톤화장실","38","31","122.58064516129032","3","3","100.0"
"스타크","29","20","145.0","12","10","120.0"
"전자레인지화이트","11","8","137.5","3","3","100.0"
"작은식물","11","4","275.0","6","3","200.0"
"라탄 햄퍼","72","55","130.9090909090909","17","15","113.33333333333333"
"창문형체크커텐","29","22","131.8181818181818","1","1","100.0"
"욕실 2단","11","11","100.0","1","1","100.0"
"투룸 인테리어","85","168","50.595238095238095","10","8","125.0"
"이동식에어컨","562","466","120.60085836909872","123","108","113.88888888888889"
"몰딩 가리는법","12","3","400.0","1","1","100.0"
"포더홈소파","14","8","175.0","4","2","200.0"
"tv없는","71","62","114.51612903225806","7","7","100.0"
"고무나무침대","122","120","101.66666666666667","22","17","129.41176470588235"
"인덕션찜솥","31","25","124.0","4","4","100.0"
"전신거울","88813","71100","124.91279887482419","13740","12051","114.01543440378391"
"창신리빙쓰레기통","20","10","200.0","3","3","100.0"
"만달라키선셋","14","9","155.55555555555554","1","1","100.0"
"스마일포스터","72","47","153.19148936170214","19","16","118.75"
"마틸다 커튼","10","9","111.11111111111111","3","3","100.0"
"꿈에그린가구","16","8","200.0","5","4","125.0"
"유아거실화","10","4","250.0","3","1","300.0"
"우드 옷장","34","296","11.486486486486486","6","4","150.0"
"의자리클라이너","20","14","142.85714285714286","1","1","100.0"
"실리콘주걱","177","120","147.5","57","37","154.05405405405406"
"삼익가구","3283","2370","138.52320675105486","1028","808","127.22772277227723"
"칸칸이","106","62","170.96774193548387","32","23","139.1304347826087"
"리퍼머그","38","33","115.15151515151516","5","5","100.0"
"아이침구","68","187","36.36363636363637","7","7","100.0"
"1400서랍장","52","26","200.0","13","8","162.5"
"화장대보","12","2","600.0","7","2","350.0"
"usb스탠드","17","5","340.0","3","3","100.0"
"보온병 ","10","9","111.11111111111111","1","1","100.0"
"Hay 그릇","10","7","142.85714285714286","3","3","100.0"
"우드밀폐용기","16","8","200.0","4","4","100.0"
"트레이수납장","18","8","225.0","8","5","160.0"
"원목스탠드조명","16","9","177.77777777777777","7","3","233.33333333333334"
"테이블의자","690","460","150.0","214","157","136.30573248407643"
"템파보드 테이블","17","14","121.42857142857143","4","3","133.33333333333334"
"시리얼디스펜서","921","595","154.78991596638656","174","155","112.25806451612904"
"도일리","39","23","169.56521739130434","11","6","183.33333333333334"
"벽부착 선반","12","3","400.0","3","2","150.0"
"비스코프변온냉장고","11","6","183.33333333333334","1","1","100.0"
"낮은프레임","12","6","200.0","5","4","125.0"
"800 주방 수납장","13","12","108.33333333333333","3","3","100.0"
"엔느","15","11","136.36363636363637","6","5","120.0"
"컨셉","12","7","171.42857142857142","5","3","166.66666666666666"
"LED램프","13","13","100.0","3","2","150.0"
"리모델링","1136","769","147.72431729518857","207","151","137.08609271523179"
"남자아이방","440","512","85.9375","86","73","117.8082191780822"
"바닥쿠션","32","9","355.55555555555554","14","7","200.0"
"인덕션라면냄비","14","11","127.27272727272727","3","3","100.0"
"현관벤치","1183","891","132.77216610549945","233","191","121.98952879581152"
"라탄헤드","77","46","167.3913043478261","18","14","128.57142857142858"
"낮은 티비다이","11","11","100.0","2","2","100.0"
"옷접기","65","39","166.66666666666666","25","16","156.25"
"셀프시공","52","34","152.94117647058823","16","13","123.07692307692308"
"셋톱박스 거치대","20","17","117.6470588235294","8","8","100.0"
"에이픽스게이밍","10","3","333.3333333333333","3","3","100.0"
"테라스집","26","9","288.8888888888889","3","3","100.0"
"무릎담요","787","578","136.159169550173","162","133","121.80451127819549"
"스마트 도어벨","11","4","275.0","3","2","150.0"
"미즈하우스","37","20","185.0","11","9","122.22222222222223"
"식물 서울","19","17","111.76470588235294","1","1","100.0"
"선인장선반","24","11","218.1818181818182","8","6","133.33333333333334"
"비아공일","26","19","136.8421052631579","7","7","100.0"
"주방휴지걸이","16","11","145.45454545454547","7","5","140.0"
"주방 청소","20","16","125.0","7","5","140.0"
"스톨 의자","15","17","88.23529411764706","1","1","100.0"
"우드데코","13","2","650.0","7","2","350.0"
"거실 벽지","43","26","165.3846153846154","8","8","100.0"
"10cm틈새","11","1","1100.0","2","1","200.0"
"국자통","18","6","300.0","11","5","220.0"
"자취 바닥","19","8","237.5","1","1","100.0"
"1000데스크","13","12","108.33333333333333","1","1","100.0"
"우퍼 층간소음","14","7","200.0","1","1","100.0"
"윈목의자","39","22","177.27272727272728","3","2","150.0"
"레트로장스탠드","11","31","35.483870967741936","1","1","100.0"
"아이리스코리아 1+1","11","9","122.22222222222223","1","1","100.0"
"에","11","5","220.0","7","4","175.0"
"전골냄비 24","11","3","366.6666666666667","2","2","100.0"
"사진꽂이","139","94","147.87234042553192","53","30","176.66666666666666"
"네시노","242","171","141.5204678362573","69","56","123.21428571428571"
"슬림온수매트","11","8","137.5","1","1","100.0"
"포스터블랙","12","35","34.285714285714285","1","1","100.0"
"1칸","14","9","155.55555555555554","3","2","150.0"
"욕실벽선반","29","21","138.0952380952381","10","5","200.0"
"미니제빙기","18","11","163.63636363636363","7","5","140.0"
"금장","11","5","220.0","6","3","200.0"
"수툴","32","12","266.6666666666667","24","9","266.6666666666667"
"다용도테이블","158","87","181.60919540229884","52","36","144.44444444444446"
"닭가슴살","39","24","162.5","18","7","257.14285714285717"
"흰색테이블","34","17","200.0","17","9","188.88888888888889"
"암막 시트","12","3","400.0","3","3","100.0"
"우주조명","128","91","140.65934065934067","33","26","126.92307692307692"
"바느질세트","28","17","164.7058823529412","9","8","112.5"
"테이블크로스","15","7","214.28571428571428","5","3","166.66666666666666"
"복도형구조","19","12","158.33333333333334","5","3","166.66666666666666"
"레이디가구 접이식","10","8","125.0","3","3","100.0"
"민들레","49","33","148.4848484848485","11","4","275.0"
"둥근쿠션","22","11","200.0","5","2","250.0"
"동그란 책상","14","10","140.0","5","4","125.0"
"원룸프레임","13","11","118.18181818181819","1","1","100.0"
"80년대","42","43","97.67441860465117","9","6","150.0"
"블루쟈가드","17","13","130.76923076923077","1","1","100.0"
"블루 벽지","38","36","105.55555555555556","8","7","114.28571428571429"
"논슬립 원목 옷걸이","10","6","166.66666666666666","1","1","100.0"
"안방공간분리","59","29","203.44827586206895","10","9","111.11111111111111"
"이케아 바구니","41","24","170.83333333333334","19","12","158.33333333333334"
"마켓비 바구니","11","5","220.0","4","3","133.33333333333334"
"작은 화장실","32","28","114.28571428571429","7","7","100.0"
"뚱카롱","49","25","196.0","15","12","125.0"
"캣워크","27","21","128.57142857142858","11","6","183.33333333333334"
"락앤락칼세트","17","13","130.76923076923077","8","7","114.28571428571429"
"방매트","25","9","277.77777777777777","12","4","300.0"
"노바마루","86","72","119.44444444444444","9","8","112.5"
"희송송","25","9","277.77777777777777","8","5","160.0"
"가구 이동","11","7","157.14285714285714","5","5","100.0"
"아사이불","37","25","148.0","9","5","180.0"
"폴바살","440","590","74.57627118644068","138","108","127.77777777777777"
"모자 정리","221","145","152.41379310344828","97","71","136.61971830985917"
"스테인리스음식물","10","7","142.85714285714286","1","1","100.0"
"서랍장 손잡이","134","83","161.44578313253012","39","28","139.28571428571428"
"주방가리개커튼","125","117","106.83760683760684","29","26","111.53846153846153"
"펫드라이기","63","40","157.5","16","10","160.0"
"룸메","11","7","157.14285714285714","2","1","200.0"
"%EC%86%8C%ED%8C%8C%ED%85%8C%EC%9D%B4%EB%B8%94","21","15","140.0","2","2","100.0"
"100수이불","108","73","147.94520547945206","22","18","122.22222222222223"
"점보롤","15","8","187.5","5","3","166.66666666666666"
"트램폴린","166","120","138.33333333333334","35","27","129.62962962962962"
"한샘 렌지","14","1","1400.0","4","1","400.0"
"리퍼갤럭시","27","18","150.0","7","6","116.66666666666667"
"DSTAC1608R","14","19","73.6842105263158","2","2","100.0"
"서브스푼","12","0","Infinity","2","0","Infinity"
"이부자리","47","17","276.47058823529414","29","15","193.33333333333334"
"서랍 800","23","23","100.0","6","5","120.0"
"서랍형트롤리","18","5","360.0","5","3","166.66666666666666"
"데이지캔들","13","30","43.333333333333336","3","2","150.0"
"쉬폰천","43","26","165.3846153846154","13","10","130.0"
"홈술","198","453","43.70860927152318","65","54","120.37037037037037"
"옷핀","15","4","375.0","7","3","233.33333333333334"
"칼 도마 거치대","16","23","69.56521739130434","5","4","125.0"
"파주","109","52","209.6153846153846","20","14","142.85714285714286"
"주방가림막커튼","30","20","150.0","5","4","125.0"
"공간분리 협탁","10","5","200.0","2","2","100.0"
"이불K","17","12","141.66666666666666","2","2","100.0"
"바스탠드","10","8","125.0","2","1","200.0"
"두닷밀라노","16","6","266.6666666666667","5","5","100.0"
"장인가구아이브","85","45","188.88888888888889","28","21","133.33333333333334"
"시라쿠스 파스타","22","15","146.66666666666666","9","9","100.0"
"호랑이포스터","25","15","166.66666666666666","6","5","120.0"
"냄비 스테인리스","12","12","100.0","2","2","100.0"
"욕실화 아동","11","7","157.14285714285714","2","2","100.0"
"일리캡슐18","14","13","107.6923076923077","1","1","100.0"
"커피라떼커피잔","15","14","107.14285714285714","1","1","100.0"
"슬로우다운스튜디오","12","11","109.0909090909091","4","4","100.0"
"클레마티스","28","8","350.0","10","6","166.66666666666666"
"퍼피노 화장대","12","11","109.0909090909091","5","4","125.0"
"멀티바스켓","34","21","161.9047619047619","9","6","150.0"
"인덕션추천","20","2","1000.0","5","2","250.0"
"암막거튼","20","19","105.26315789473684","6","4","150.0"
"무쎄","200","142","140.8450704225352","59","53","111.32075471698113"
"주방샷시","11","9","122.22222222222223","2","2","100.0"
"블랙우드","98","62","158.06451612903226","24","16","150.0"
"동서가구행거","41","33","124.24242424242425","10","9","111.11111111111111"
"아이보리러그","109","78","139.74358974358975","22","17","129.41176470588235"
"아이방 베란다","23","51","45.09803921568628","4","4","100.0"
"앳홈 버니골드 크리스마스 트리 2.1M 리모컨포함","10","15","66.66666666666667","3","3","100.0"
"김치냉장고장활용","52","36","144.44444444444446","11","9","122.22222222222223"
"바너","18","7","257.14285714285717","6","1","600.0"
"지나송커튼","86","84","102.38095238095238","4","4","100.0"
"아이콘정수기","30","19","157.89473684210526","6","6","100.0"
"일리 커피머신","676","559","120.93023255813954","165","133","124.06015037593986"
"아베크","16","5","320.0","4","3","133.33333333333334"
"리모델링안내문","12","4","300.0","2","2","100.0"
"라면쿠커","21","17","123.52941176470588","5","4","125.0"
"코닥 카트리지","10","6","166.66666666666666","3","3","100.0"
"웨인스붙박이장","10","7","142.85714285714286","2","1","200.0"
"중문 망입유리","11","8","137.5","1","1","100.0"
"인테리어트레이","131","133","98.49624060150376","23","21","109.52380952380952"
"피규어 수납","34","29","117.24137931034483","10","9","111.11111111111111"
"러그 맞춤","38","31","122.58064516129032","7","7","100.0"
"27gn","11","7","157.14285714285714","3","3","100.0"
"단정한","21","13","161.53846153846155","1","1","100.0"
"유칼립투스액자","18","11","163.63636363636363","4","3","133.33333333333334"
"6문수납장","27","22","122.72727272727273","6","3","200.0"
"3중도어","20","19","105.26315789473684","2","2","100.0"
"샤오미빔프로젝터","21","5","420.0","6","4","150.0"
"유리캐니스터","13","9","144.44444444444446","3","2","150.0"
"40액자","13","14","92.85714285714286","1","1","100.0"
"a52s","79","35","225.71428571428572","30","20","150.0"
"사각수납","31","8","387.5","9","5","180.0"
"세라믹식탁라탄의자","15","13","115.38461538461539","1","1","100.0"
"서울 주택","18","12","150.0","2","2","100.0"
"켄우드","43","29","148.27586206896552","12","10","120.0"
"키즈식기","18","15","120.0","4","4","100.0"
"이케아 매트리스","69","41","168.29268292682926","26","17","152.94117647058823"
"휴대폰 화장실 방수","11","3","366.6666666666667","1","1","100.0"
"세탁기수납","237","197","120.30456852791878","55","41","134.14634146341464"
"문지방 시트지","19","16","118.75","1","1","100.0"
"마틸라 침대패드","59","40","147.5","18","14","128.57142857142858"
"조리받침대","29","20","145.0","8","7","114.28571428571429"
"부착형 식기건조대","17","5","340.0","8","3","266.6666666666667"
"그레이쇼파인테리어","10","7","142.85714285714286","1","1","100.0"
"퓨리케어펫","10","5","200.0","4","3","133.33333333333334"
"보석보관함","10","6","166.66666666666666","4","4","100.0"
"믹싱","18","2","900.0","6","2","300.0"
"쿠션인형","25","37","67.56756756756756","4","4","100.0"
"홑겹이불","50","21","238.0952380952381","21","8","262.5"
"패브릭포스터세로","28","18","155.55555555555554","8","7","114.28571428571429"
"세라믹그릇","27","14","192.85714285714286","8","4","200.0"
"샹들리에","2111","1870","112.88770053475936","324","265","122.26415094339623"
"간식장","18","40","45.0","7","5","140.0"
"1200높은수납장","27","21","128.57142857142858","3","3","100.0"
"주방라벨","11","9","122.22222222222223","2","2","100.0"
"헹가","44","4","1100.0","29","3","966.6666666666666"
"오리네아지트","16","4","400.0","5","3","166.66666666666666"
"슬라이딩옷장 1600","24","14","171.42857142857142","3","3","100.0"
"거실장세트","198","147","134.69387755102042","23","20","115.0"
"칼리타0","279","34","820.5882352941177","98","21","466.6666666666667"
"방문색","86","66","130.3030303030303","8","9","88.88888888888889"
"분리쓰레기통","12","6","200.0","4","4","100.0"
"슬라운드","395","250","158.0","107","98","109.18367346938776"
"디자인쇼파","23","15","153.33333333333334","8","7","114.28571428571429"
"한샘 박스","23","17","135.2941176470588","5","4","125.0"
"라자가구수납장","59","21","280.95238095238096","7","7","100.0"
"유칼립투스꽃병","14","25","56.0","1","1","100.0"
"우드보관함","69","55","125.45454545454545","16","10","160.0"
"속이불","24","13","184.6153846153846","8","6","133.33333333333334"
"글라스 냉장고","14","12","116.66666666666667","2","2","100.0"
"200 수납장","18","10","180.0","6","3","200.0"
"구름발매트","10","4","250.0","5","2","250.0"
"아르페지오베개커버","34","26","130.76923076923077","3","3","100.0"
"100*200","23","5","460.0","5","4","125.0"
"주공아파트","236","198","119.1919191919192","33","32","103.125"
"렌즈장","14","9","155.55555555555554","4","4","100.0"
"빈티지스탠드","102","67","152.23880597014926","18","12","150.0"
"광파오븐아일랜드","14","18","77.77777777777777","3","2","150.0"
"원목식탁8인용","12","9","133.33333333333334","2","2","100.0"
"이케아욕실","81","86","94.18604651162791","17","12","141.66666666666666"
"포토패브릭","19","35","54.285714285714285","6","4","150.0"
"호텔 베개커버","19","46","41.30434782608695","6","6","100.0"
"주방 행거 레일","11","8","137.5","1","1","100.0"
"전광판","12","3","400.0","6","1","600.0"
"한샘키큰옷장","10","4","250.0","2","2","100.0"
"파키션","11","1","1100.0","7","1","700.0"
"편백찜기","285","200","142.5","75","59","127.11864406779661"
"리퍼파스타볼","51","36","141.66666666666666","8","7","114.28571428571429"
"500 테이블","34","29","117.24137931034483","6","6","100.0"
"스테인리스멀티덮개","12","11","109.0909090909091","1","1","100.0"
"에몬스수납형침대","13","4","325.0","2","2","100.0"
"고양이숨숨집","275","259","106.17760617760618","41","38","107.89473684210526"
"페인트느낌벽지","10","6","166.66666666666666","1","1","100.0"
"팬톤컬러","13","7","185.71428571428572","6","2","300.0"
"화이트 옷장","54","48","112.5","8","8","100.0"
"DF10A9500WG","10","8","125.0","5","4","125.0"
"tv 43","15","14","107.14285714285714","1","1","100.0"
"서랍 책상","168","131","128.24427480916032","60","52","115.38461538461539"
"모션 매트리스","16","15","106.66666666666667","1","1","100.0"
"베어보틀","14","6","233.33333333333334","3","3","100.0"
"청소스프레이","20","34","58.8235294117647","3","2","150.0"
"돌쇼파","412","284","145.07042253521126","99","76","130.26315789473685"
"유리 식탁","186","118","157.6271186440678","50","34","147.05882352941177"
"코렐스누피앤찰리","11","4","275.0","2","2","100.0"
"양해편지","18","2","900.0","3","1","300.0"
"800 수납장","228","233","97.85407725321889","45","39","115.38461538461539"
"듀라렉스컵","29","19","152.6315789473684","11","9","122.22222222222223"
"면카펫","12","4","300.0","5","3","166.66666666666666"
"좌식의자방석","12","7","171.42857142857142","6","5","120.0"
"방수코팅","10","11","90.9090909090909","2","1","200.0"
"가스대","11","3","366.6666666666667","8","3","266.6666666666667"
"오슬로식탁","11","39","28.205128205128204","4","4","100.0"
"해버싯","176","88","200.0","44","35","125.71428571428571"
"거실티비선반","13","28","46.42857142857143","2","2","100.0"
"스윙 소파","10","8","125.0","4","3","133.33333333333334"
"올도 1인","38","55","69.0909090909091","1","1","100.0"
"스투키","1041","699","148.92703862660943","261","184","141.84782608695653"
"노랑테이블","10","14","71.42857142857143","5","2","250.0"
"안방 파티션","23","12","191.66666666666666","6","5","120.0"
"생일축하빔","78","49","159.18367346938774","15","15","100.0"
"우드킹사이즈침대","36","79","45.56962025316456","1","1","100.0"
"책상 전선","32","62","51.61290322580645","6","6","100.0"
"건전지초","10","5","200.0","2","2","100.0"
"Cd보관","10","2","500.0","2","2","100.0"
" 수납함","30","24","125.0","8","7","114.28571428571429"
"냉장고틈새수납장","163","92","177.17391304347825","36","32","112.5"
"부착형휴지통","43","24","179.16666666666666","11","8","137.5"
"저상헝침대침실","28","42","66.66666666666667","1","1","100.0"
"루이스폴센ph5","140","105","133.33333333333334","21","16","131.25"
"협성로하스","16","2","800.0","7","2","350.0"
"수납 서랍","51","33","154.54545454545453","20","14","142.85714285714286"
"홑이불 k","18","10","180.0","2","2","100.0"
"비확장거실","47","48","97.91666666666667","7","6","116.66666666666667"
"원형쇼파테이블","200","142","140.8450704225352","32","26","123.07692307692308"
"이불세트 더블","11","1","1100.0","3","1","300.0"
"캠핑 빔","16","6","266.6666666666667","4","3","133.33333333333334"
"패브릭포스터명화","44","25","176.0","7","6","116.66666666666667"
"24평식탁","28","49","57.142857142857146","5","5","100.0"
"시노글라스","454","355","127.88732394366197","92","87","105.74712643678161"
"보니타나인","123","212","58.0188679245283","26","25","104.0"
"장롱3000","11","11","100.0","2","2","100.0"
"베란다슬리퍼","42","18","233.33333333333334","19","13","146.15384615384616"
"케인선반","13","4","325.0","3","1","300.0"
"벽지그림","10","5","200.0","2","2","100.0"
"임팔라쇼파","90","54","166.66666666666666","11","10","110.0"
"거울파티션","17","8","212.5","5","3","166.66666666666666"
"앙리마티스 세트","18","30","60.0","2","2","100.0"
"덴비디너플레이트","11","9","122.22222222222223","1","1","100.0"
"블랙톤","39","20","195.0","7","6","116.66666666666667"
"숫자장식","12","2","600.0","2","1","200.0"
"철재 책장","24","24","100.0","9","7","128.57142857142858"
"모듈장 ","15","12","125.0","1","1","100.0"
"2000","43","26","165.3846153846154","17","10","170.0"
"밀림방지제","12","10","120.0","1","1","100.0"
"화장실수건걸이","57","39","146.15384615384616","17","14","121.42857142857143"
"세탁선반","172","97","177.31958762886597","61","48","127.08333333333333"
"세탁 세제","24","22","109.0909090909091","8","7","114.28571428571429"
"세탁실 세면대","29","14","207.14285714285714","1","1","100.0"
"웨이브미러 리퍼","10","5","200.0","1","1","100.0"
"스페이스로직","11","0","Infinity","2","0","Infinity"
"주방도구 세트","23","12","191.66666666666666","9","6","150.0"
"이동식화분","16","10","160.0","7","4","175.0"
"큐브에어","126","95","132.6315789473684","20","18","111.11111111111111"
"쥬다르범퍼침대","17","8","212.5","6","5","120.0"
"오디세이g3","25","13","192.30769230769232","6","5","120.0"
"5단서랍장800","516","380","135.78947368421052","134","102","131.37254901960785"
"현관문시트","14","5","280.0","2","2","100.0"
"코지싱크","21","11","190.9090909090909","1","1","100.0"
"워크인클로젯","35","15","233.33333333333334","14","5","280.0"
"리바트뉴꼼므","19","5","380.0","6","3","200.0"
"리퍼주방용품","70","44","159.0909090909091","15","11","136.36363636363637"
"테이블가리개","11","4","275.0","7","4","175.0"
"파티션 타공","17","13","130.76923076923077","3","3","100.0"
"스튜디오타일카페트","13","9","144.44444444444446","1","1","100.0"
"침대 책상","882","547","161.24314442413163","241","182","132.41758241758242"
"방수식탁보","3038","2369","128.23976361333897","456","417","109.35251798561151"
"들통","68","47","144.68085106382978","12","9","133.33333333333334"
"조각카펫","32","25","128.0","9","8","112.5"
"투명상자","34","17","200.0","10","5","200.0"
"조명 화장대","452","381","118.63517060367454","70","62","112.90322580645162"
"아로니카캔들","11","8","137.5","1","1","100.0"
"라움세라믹","14","20","70.0","2","2","100.0"
"빔테리어","14","6","233.33333333333334","3","2","150.0"
"아늑한","90","106","84.90566037735849","23","19","121.05263157894737"
"어메이징 원목","19","10","190.0","5","5","100.0"
"고대기 거치대","21","12","175.0","8","6","133.33333333333334"
"폴딩도어베란다","22","18","122.22222222222223","4","4","100.0"
"대리석식탁세트","146","106","137.73584905660377","24","22","109.0909090909091"
"벡셰","62","52","119.23076923076923","8","7","114.28571428571429"
"철제 화분","35","28","125.0","14","12","116.66666666666667"
"프렌치침대","19","14","135.71428571428572","2","2","100.0"
"명화우산","16","12","133.33333333333334","2","2","100.0"
"토분화분","243","166","146.3855421686747","56","47","119.14893617021276"
"시프트필터","10","4","250.0","2","2","100.0"
"Ph550","17","9","188.88888888888889","6","6","100.0"
"화장품장","12","6","200.0","4","3","133.33333333333334"
"재입고","10","9","111.11111111111111","1","1","100.0"
"렌지대조리대","17","6","283.3333333333333","2","1","200.0"
"썬배드","83","49","169.3877551020408","21","15","140.0"
"수납형LED침대","41","35","117.14285714285714","2","2","100.0"
"티비 사운드바","19","37","51.351351351351354","6","5","120.0"
"개수대수세미걸이","21","19","110.52631578947368","1","1","100.0"
"AB%EC%8A%AC%EB%9D%BC%EC%9D%B4%EB%93%9C","10","3","333.3333333333333","3","1","300.0"
"샤오미디스펜서","15","4","375.0","3","2","150.0"
"요시카와 편수냄비","15","7","214.28571428571428","3","3","100.0"
"리샘 파인","11","12","91.66666666666667","4","4","100.0"
"틈새헹거","46","30","153.33333333333334","12","10","120.0"
"한샘프레임","34","17","200.0","10","7","142.85714285714286"
"레이싱","39","32","121.875","6","5","120.0"
"낮은테이블의자","15","12","125.0","3","3","100.0"
"사무실 서랍장","57","26","219.23076923076923","12","10","120.0"
"베드커버","18","16","112.5","9","4","225.0"
"줄눈닷컴","64","16","400.0","10","3","333.3333333333333"
"라움 그릇","37","31","119.35483870967742","7","5","140.0"
"미니피스","13","6","216.66666666666666","4","4","100.0"
"씨투써밋","16","9","177.77777777777777","7","6","116.66666666666667"
"일룸 땅콩","11","5","220.0","5","4","125.0"
"보헤미안 러그","46","28","164.28571428571428","14","9","155.55555555555554"
"큐티폴고아","553","349","158.45272206303724","112","95","117.89473684210526"
"쇼파자코모","21","16","131.25","2","2","100.0"
"원룸홈트","10","4","250.0","3","3","100.0"
"쇼파테이블 투명","18","13","138.46153846153845","2","2","100.0"
"엔틱 화장대","115","78","147.43589743589743","25","20","125.0"
"이불패드고정","38","18","211.11111111111111","7","5","140.0"
"워터루핀","23","10","230.0","10","8","125.0"
"플레이모빌XXL","212","84","252.38095238095238","54","33","163.63636363636363"
"노출천정","18","12","150.0","6","6","100.0"
"스페이스빌더","23","9","255.55555555555554","6","4","150.0"
"오가닉차렵이불","16","15","106.66666666666667","1","1","100.0"
"인버터 벽걸이 에어컨","12","14","85.71428571428571","2","2","100.0"
"투명바구니","66","39","169.23076923076923","22","16","137.5"
"올리비아","47","23","204.34782608695653","22","14","157.14285714285714"
"나비주름속커튼","15","12","125.0","1","1","100.0"
"거실 화장대","14","5","280.0","4","3","133.33333333333334"
"주니어옷장","678","507","133.72781065088756","128","108","118.51851851851852"
"미니화로대","12","5","240.0","4","2","200.0"
"eesookee","27","30","90.0","7","6","116.66666666666667"
"칼딘","174","117","148.71794871794873","38","28","135.71428571428572"
"작은옷장","85","54","157.40740740740742","37","28","132.14285714285714"
"철제 서랍","238","207","114.97584541062803","115","79","145.56962025316454"
"웨인스코팅몰딩","11","3","366.6666666666667","4","1","400.0"
"라이트그레이 쇼파","12","6","200.0","2","1","200.0"
"가루세제","54","53","101.88679245283019","19","15","126.66666666666667"
"칫솔선반","21","11","190.9090909090909","9","5","180.0"
"카페 쇼파","17","9","188.88888888888889","6","3","200.0"
"se68","28","22","127.27272727272727","9","8","112.5"
"티오책상","81","53","152.83018867924528","18","18","100.0"
"오르골","903","1634","55.26315789473684","201","151","133.11258278145695"
"일룸무헤드","13","8","162.5","5","4","125.0"
"세라믹우드식탁","16","10","160.0","4","3","133.33333333333334"
"라지킹호텔침구","12","4","300.0","2","2","100.0"
"칼라디움스파이더","20","2","1000.0","10","1","1000.0"
"선반1000","36","24","150.0","10","9","111.11111111111111"
"수납장다리","10","2","500.0","4","1","400.0"
"쓰레기박스","10","6","166.66666666666666","4","2","200.0"
"퍼플뉴","103","72","143.05555555555554","6","5","120.0"
"소파4인패드","36","35","102.85714285714286","1","1","100.0"
"도톰 나비주름","21","19","110.52631578947368","2","2","100.0"
"압력밥솥CRP-BHxB0660FB","11","0","Infinity","1","0","Infinity"
"사진소품","56","30","186.66666666666666","18","12","150.0"
"쪽장","20","13","153.84615384615384","7","4","175.0"
"휴게","10","10","100.0","2","2","100.0"
"아토소","97","64","151.5625","30","24","125.0"
"바자르광목커튼","20","16","125.0","3","3","100.0"
"인센스스틱","1103","1057","104.3519394512772","267","207","128.9855072463768"
"삼성 무풍에어컨","124","83","149.3975903614458","24","22","109.0909090909091"
"평소생활크림토퍼","20","14","142.85714285714286","2","2","100.0"
"이불만","16","12","133.33333333333334","2","2","100.0"
"테이블 스피커","17","8","212.5","7","5","140.0"
"누보데코","13","6","216.66666666666666","8","6","133.33333333333334"
