search_keyword,qc,cc,ctr,uqc,ucc,uctr
Muuto,11,2,18.181818181818183,6,2,33.333333333333336
베이직준,50,4,8.0,2,2,100.0
경량 수건,12,10,83.33333333333333,1,1,100.0
제주배송,24,2,8.333333333333334,10,2,20.0
베개카버,10,5,50.0,3,1,33.333333333333336
테이블스탠드,62,38,61.29032258064516,18,10,55.55555555555556
꽃 포스터,28,18,64.28571428571429,8,6,75.0
네일,93,45,48.38709677419355,38,17,44.73684210526316
대형 식물,40,25,62.5,11,9,81.81818181818181
스테이크나이프,26,19,73.07692307692308,6,6,100.0
세탁 세제,10,5,50.0,3,1,33.333333333333336
스마트 플러그,11,6,54.54545454545455,5,3,60.0
플라스틱테이블,28,5,17.857142857142858,14,4,28.571428571428573
아기주방놀이,13,7,53.84615384615385,4,2,50.0
스스디,46,27,58.69565217391305,15,15,100.0
글라스조명,54,43,79.62962962962963,9,6,66.66666666666667
다이슨선풍기,41,11,26.829268292682926,25,6,24.0
가림막커튼 쉬폰,24,18,75.0,1,1,100.0
창문시트,17,13,76.47058823529412,4,3,75.0
자취필수템,63,14,22.22222222222222,34,9,26.470588235294116
데코뷰 가리개커튼,26,15,57.69230769230769,2,2,100.0
아토,13,6,46.15384615384615,5,4,80.0
원목 tv장,11,3,27.272727272727273,4,2,50.0
led스탠드,124,68,54.83870967741935,32,20,62.5
디자인 추천,33,8,24.242424242424242,19,3,15.789473684210526
물걸레 로봇청소기,15,9,60.0,5,3,60.0
수저 정리함,180,84,46.666666666666664,70,32,45.714285714285715
이불커버 단품,12,8,66.66666666666667,2,2,100.0
오크빌,76,44,57.89473684210526,19,13,68.42105263157895
빈백의자,17,9,52.94117647058823,8,4,50.0
대리석트레이,76,51,67.10526315789474,19,15,78.94736842105263
보국전기요,23,16,69.56521739130434,5,5,100.0
홈캠,49,17,34.69387755102041,26,11,42.30769230769231
전자레인지 그릇,17,8,47.05882352941177,8,6,75.0
핑크 샤워기,12,10,83.33333333333333,2,2,100.0
도깨비방망이,30,8,26.666666666666668,15,4,26.666666666666668
3in1 충전기,135,73,54.074074074074076,38,26,68.42105263157895
전동다지기,12,7,58.333333333333336,4,3,75.0
60수,136,95,69.8529411764706,26,22,84.61538461538461
아르떼미떼,52,38,73.07692307692308,9,6,66.66666666666667
토뉴,30,10,33.333333333333336,17,8,47.05882352941177
로얄베일 구뜨,14,6,42.857142857142854,4,2,50.0
식탁 쇼파,20,9,45.0,5,3,60.0
무타공 액자걸이,14,10,71.42857142857143,3,3,100.0
모던러그,14,7,50.0,6,3,50.0
양키캔들워머세트,135,78,57.77777777777778,40,30,75.0
손잡이접시,56,36,64.28571428571429,15,10,66.66666666666667
원목발판,24,12,50.0,12,4,33.333333333333336
여행 사진,11,2,18.181818181818183,1,1,100.0
책상 밑 수납,17,6,35.294117647058826,10,4,40.0
블랙 오브제,31,21,67.74193548387096,6,5,83.33333333333333
미피이불,11,9,81.81818181818181,2,1,50.0
롤휴지케이스,50,22,44.0,29,12,41.37931034482759
노란색 쇼파,12,11,91.66666666666667,2,1,50.0
캔들등,11,7,63.63636363636363,2,2,100.0
침실 매트,20,12,60.0,6,4,66.66666666666667
컵정리선반,42,15,35.714285714285715,19,10,52.63157894736842
베드테이블 접이식,10,8,80.0,1,1,100.0
카고박스,60,37,61.666666666666664,18,16,88.88888888888889
데스크탑선반,23,7,30.434782608695652,13,5,38.46153846153846
안개분사,27,15,55.55555555555556,10,7,70.0
샤프란,29,21,72.41379310344827,9,8,88.88888888888889
고양이소파,11,7,63.63636363636363,3,3,100.0
6인용,12,2,16.666666666666668,4,1,25.0
아기가구,20,5,25.0,7,3,42.857142857142854
Led 조명,22,12,54.54545454545455,10,4,40.0
고흐 해바라기,17,11,64.70588235294117,4,3,75.0
일리 네스프레소,50,35,70.0,12,8,66.66666666666667
라탄 접시,12,8,66.66666666666667,4,2,50.0
세미마이크로,17,13,76.47058823529412,3,2,66.66666666666667
아크릴함,16,6,37.5,7,2,28.571428571428573
좁은주방,31,14,45.16129032258065,13,4,30.76923076923077
크로우캐년,1039,486,46.77574590952839,419,236,56.32458233890215
헤드셋 걸이,19,7,36.8421052631579,11,4,36.36363636363637
극락조,262,138,52.67175572519084,87,57,65.51724137931035
박나혜,13,11,84.61538461538461,3,3,100.0
패브릭 포스터 ,84,29,34.523809523809526,19,11,57.89473684210526
하트 틀,10,8,80.0,1,1,100.0
A4액자,17,9,52.94117647058823,7,6,85.71428571428571
와인장,42,15,35.714285714285715,25,8,32.0
서랍형 화장대,14,4,28.571428571428573,5,2,40.0
나무집게,43,18,41.86046511627907,21,16,76.19047619047619
긴책상,55,26,47.27272727272727,22,9,40.90909090909091
웨딩,32,16,50.0,10,5,50.0
커트러리 4p,22,20,90.9090909090909,1,1,100.0
보아르 필터,17,10,58.8235294117647,6,4,66.66666666666667
싱크대,799,339,42.428035043804755,361,129,35.73407202216067
엔틱 거울,136,92,67.6470588235294,21,17,80.95238095238095
데코뷰 테이블매트,10,0,0.0,5,0,0.0
100수차렵이불,12,7,58.333333333333336,3,3,100.0
정사각형 책상,10,3,30.0,8,3,37.5
캠핑 파라솔,51,32,62.745098039215684,13,12,92.3076923076923
원목 미니 테이블,15,4,26.666666666666668,2,2,100.0
테이블 800,174,109,62.64367816091954,38,29,76.3157894736842
곰인형,86,44,51.16279069767442,37,19,51.351351351351354
대리석좌식,16,12,75.0,2,2,100.0
암막,582,348,59.79381443298969,190,145,76.3157894736842
접이식 우드테이블,10,4,40.0,5,3,60.0
드롱기 아이코나,13,7,53.84615384615385,2,1,50.0
의자벤치,13,9,69.23076923076923,4,3,75.0
led바,18,10,55.55555555555556,9,7,77.77777777777777
아일랜드 수납,36,28,77.77777777777777,6,4,66.66666666666667
tv장1200,52,42,80.76923076923077,6,6,100.0
쉬폰커튼 핀형,12,7,58.333333333333336,3,1,33.333333333333336
Lg에어컨,21,15,71.42857142857143,8,8,100.0
우드 2단 행거,14,13,92.85714285714286,1,1,100.0
반려동물과 함께,33,7,21.21212121212121,20,3,15.0
아크릴 서랍,91,49,53.84615384615385,33,18,54.54545454545455
요가복,13,7,53.84615384615385,5,2,40.0
침대 등받이 쿠션,10,9,90.0,1,1,100.0
리퍼 전동드릴,13,4,30.76923076923077,1,1,100.0
잔망루피,15,8,53.333333333333336,6,3,50.0
스마트폰,19,10,52.63157894736842,7,4,57.142857142857146
리퍼 파티션,16,5,31.25,4,2,50.0
헤드리스 수납침대,15,9,60.0,3,2,66.66666666666667
플라워이불,52,41,78.84615384615384,8,5,62.5
야외 가림막,12,4,33.333333333333336,7,3,42.857142857142854
타공,66,19,28.78787878787879,35,12,34.285714285714285
바다포스터,74,46,62.16216216216216,21,14,66.66666666666667
불멍조명,12,7,58.333333333333336,4,3,75.0
그린 테이블,17,16,94.11764705882354,1,1,100.0
티라이트 캔들 홀더,11,8,72.72727272727273,1,1,100.0
차량용 방향제,49,26,53.06122448979592,19,13,68.42105263157895
화분대,81,42,51.851851851851855,30,13,43.333333333333336
브레드케이스,19,5,26.31578947368421,9,4,44.44444444444444
방커튼,17,7,41.1764705882353,8,2,25.0
행복주택 16형,11,0,0.0,7,0,0.0
키소켓,16,7,43.75,10,5,50.0
벨리드,14,8,57.142857142857146,5,5,100.0
자동핸드워시,21,10,47.61904761904762,6,5,83.33333333333333
우디홈,14,5,35.714285714285715,3,2,66.66666666666667
모자,157,57,36.30573248407644,75,29,38.666666666666664
화이트우드 주방,10,7,70.0,2,1,50.0
바다 조명,21,14,66.66666666666667,7,6,85.71428571428571
여름 누빔,11,7,63.63636363636363,4,3,75.0
업소용테이블,16,6,37.5,7,3,42.857142857142854
주방세재,19,10,52.63157894736842,8,4,50.0
스위치커버,339,138,40.70796460176991,138,62,44.927536231884055
일룸 소파,15,3,20.0,6,2,33.333333333333336
루미르,59,29,49.152542372881356,27,18,66.66666666666667
마스킹테이프,516,243,47.093023255813954,165,94,56.96969696969697
수툴,15,1,6.666666666666667,9,1,11.11111111111111
무타공 걸이,154,79,51.298701298701296,56,37,66.07142857142857
포스터거울,31,14,45.16129032258065,7,6,85.71428571428571
자석보드,175,80,45.714285714285715,75,34,45.333333333333336
스툴 블랙,12,8,66.66666666666667,3,3,100.0
코멧,49,6,12.244897959183673,34,5,14.705882352941176
악세서리,39,23,58.97435897435897,16,8,50.0
캠핑식탁,10,6,60.0,4,3,75.0
바운티풀,42,16,38.095238095238095,18,9,50.0
타공판파티션,142,72,50.70422535211268,47,31,65.95744680851064
코렐 ,32,23,71.875,7,6,85.71428571428571
신발장600,13,8,61.53846153846154,4,3,75.0
우드액자,58,38,65.51724137931035,21,15,71.42857142857143
에코체,36,25,69.44444444444444,9,5,55.55555555555556
한일카페트,93,58,62.365591397849464,31,23,74.19354838709677
침대선반,338,130,38.46153846153846,142,65,45.774647887323944
캠핑가랜드,18,5,27.77777777777778,9,4,44.44444444444444
구글네스트,19,9,47.36842105263158,4,3,75.0
인형선반,11,2,18.181818181818183,6,1,16.666666666666668
마켓비수납장,36,28,77.77777777777777,4,4,100.0
각티슈,122,62,50.81967213114754,49,25,51.02040816326531
그릇장식장,22,10,45.45454545454545,12,7,58.333333333333336
옷장정리,979,547,55.87334014300306,246,167,67.88617886178862
베스트리빙 리퍼,19,14,73.6842105263158,2,1,50.0
가짜책,133,74,55.6390977443609,42,33,78.57142857142857
왁스타블렛,18,7,38.888888888888886,8,3,37.5
식물 지지대,25,16,64.0,9,8,88.88888888888889
티비선반1200,32,25,78.125,5,4,80.0
침대프레임퀸,540,389,72.03703703703704,88,71,80.68181818181819
그릇 선반,20,6,30.0,8,3,37.5
라룸,26,13,50.0,9,5,55.55555555555556
강아지 행거,208,117,56.25,60,42,70.0
리퍼,68476,30002,43.81389099830598,23446,9295,39.64428900452103
미드센츄리 액자,40,21,52.5,13,8,61.53846153846154
서랍장600 4단,13,9,69.23076923076923,4,3,75.0
거실카페트특대형,12,8,66.66666666666667,3,2,66.66666666666667
몽블랑 수완,14,11,78.57142857142857,1,1,100.0
방수 가리개,13,6,46.15384615384615,5,5,100.0
타공판선반,35,17,48.57142857142857,17,10,58.8235294117647
필러,20,11,55.0,6,5,83.33333333333333
템바보드 수납장,70,26,37.142857142857146,20,12,60.0
감성포스터,119,68,57.142857142857146,34,23,67.6470588235294
발마사지,63,29,46.03174603174603,14,8,57.142857142857146
코코플라워,23,11,47.82608695652174,6,4,66.66666666666667
수납카트,23,10,43.47826086956522,6,3,50.0
전기밥솥,204,107,52.450980392156865,71,48,67.6056338028169
접착 후크,23,16,69.56521739130434,7,5,71.42857142857143
벨벳옷걸이,40,27,67.5,11,8,72.72727272727273
데스커식탁,48,30,62.5,9,7,77.77777777777777
바퀴 서랍장,24,11,45.833333333333336,10,6,60.0
서랍장 1200,94,64,68.08510638297872,15,13,86.66666666666667
수아베,12,9,75.0,4,4,100.0
알러지케어 이불,950,649,68.3157894736842,183,152,83.06010928961749
아쿠아텍스2인,89,55,61.79775280898876,24,21,87.5
모듈 책상,186,102,54.83870967741935,58,33,56.89655172413793
1인용 침대,21,11,52.38095238095238,7,5,71.42857142857143
코너형행거,40,22,55.0,11,8,72.72727272727273
DOD키친테이블,22,11,50.0,10,8,80.0
욕실실리콘,14,10,71.42857142857143,3,3,100.0
패브릭 커텐,16,11,68.75,4,3,75.0
핸드믹서기,10,3,30.0,7,3,42.857142857142854
계란한판,11,8,72.72727272727273,3,3,100.0
컴퓨터 원목책상,10,5,50.0,2,2,100.0
도마칼세트,14,4,28.571428571428573,6,3,50.0
식탁 렌지대,115,77,66.95652173913044,24,21,87.5
한샘 스툴,32,17,53.125,14,9,64.28571428571429
광목천,166,97,58.433734939759034,63,36,57.142857142857146
A3,14,9,64.28571428571429,5,4,80.0
타미 소파,11,6,54.54545454545455,4,4,100.0
베트남토분,11,8,72.72727272727273,4,3,75.0
냉감바디필로우,22,13,59.09090909090909,8,5,62.5
발 커튼,22,11,50.0,8,5,62.5
레터링그림,10,7,70.0,1,1,100.0
스틀,109,42,38.53211009174312,53,12,22.641509433962263
탄산수,26,8,30.76923076923077,9,5,55.55555555555556
코너테이블,126,56,44.44444444444444,62,32,51.61290322580645
크림 커튼,12,8,66.66666666666667,3,3,100.0
엔틱 의자,34,24,70.58823529411765,10,5,50.0
4인세라믹식탁세트,27,19,70.37037037037037,5,4,80.0
1400책상,122,83,68.0327868852459,24,21,87.5
원형테이블 좌식,19,10,52.63157894736842,6,3,50.0
쉐비,13,7,53.84615384615385,3,3,100.0
위니아딤채,18,6,33.333333333333336,7,4,57.142857142857146
체온계,46,12,26.08695652173913,29,10,34.48275862068966
노란소파,11,5,45.45454545454545,4,1,25.0
벽걸이무드등,15,5,33.333333333333336,5,2,40.0
와인잔걸이,634,357,56.30914826498423,205,141,68.78048780487805
청소용품,95,53,55.78947368421053,29,10,34.48275862068966
피크닉 바구니,125,73,58.4,35,25,71.42857142857143
높은 거실장 1200,55,43,78.18181818181819,5,3,60.0
원형 조명,17,8,47.05882352941177,11,5,45.45454545454545
데코뷰 발매트,118,74,62.71186440677966,37,26,70.27027027027027
수영,12,3,25.0,6,3,50.0
1 1 의자,30,18,60.0,7,5,71.42857142857143
티비장 원목,10,5,50.0,2,1,50.0
노트북받침대,45,19,42.22222222222222,22,11,50.0
6인용테이블,122,71,58.19672131147541,40,21,52.5
꽃담초,11,5,45.45454545454545,6,3,50.0
욕실수납바구니,25,11,44.0,6,4,66.66666666666667
치즈나이프,23,15,65.21739130434783,9,7,77.77777777777777
우드 쇼케이스,12,7,58.333333333333336,5,4,80.0
3단 서랍장 와이드,11,9,81.81818181818181,2,2,100.0
이고진,12,4,33.333333333333336,8,3,37.5
비키니,30,21,70.0,3,3,100.0
우드주걱,20,8,40.0,5,2,40.0
브뤼스타,21,9,42.857142857142854,8,3,37.5
전기찜기,40,26,65.0,10,10,100.0
호이데코,12,9,75.0,4,4,100.0
쇼파스툴,108,65,60.18518518518518,30,19,63.333333333333336
스피커 거치대,30,9,30.0,14,6,42.857142857142854
나무협탁,44,21,47.72727272727273,17,10,58.8235294117647
사계절이불솜,14,10,71.42857142857143,4,4,100.0
rgb조명,41,27,65.85365853658537,15,10,66.66666666666667
헤이미쉬,18,7,38.888888888888886,7,2,28.571428571428573
탑볼,29,15,51.724137931034484,6,4,66.66666666666667
다용도 수납함,10,2,20.0,6,2,33.333333333333336
포토,47,17,36.170212765957444,23,7,30.434782608695652
미니 원목 수납장,10,7,70.0,4,3,75.0
휴지통 20L,121,75,61.98347107438016,40,26,65.0
빨래비누,25,6,24.0,12,4,33.333333333333336
원룸쇼파,108,65,60.18518518518518,30,18,60.0
까사마루 행거,26,11,42.30769230769231,10,7,70.0
빌레로이 프렌치가든,14,12,85.71428571428571,1,1,100.0
아기옷,27,8,29.62962962962963,14,3,21.428571428571427
머리띠정리대,10,3,30.0,8,3,37.5
알라딘 블라인드,11,6,54.54545454545455,3,3,100.0
실리콘찜기,60,31,51.666666666666664,17,10,58.8235294117647
소호가구,62,40,64.51612903225806,17,16,94.11764705882354
타원거울,19,13,68.42105263157895,6,4,66.66666666666667
쇼파등커버,10,5,50.0,3,2,66.66666666666667
핑크의자,46,27,58.69565217391305,15,10,66.66666666666667
퍼핑,10,4,40.0,6,3,50.0
호텔러그,13,3,23.076923076923077,4,1,25.0
한빛카페트,164,97,59.146341463414636,46,37,80.43478260869566
셋탑박스 정리,26,8,30.76923076923077,14,7,50.0
마켓비트롤리,15,7,46.666666666666664,5,3,60.0
야전침대,175,116,66.28571428571429,41,31,75.60975609756098
강아지 방석,351,226,64.38746438746439,68,60,88.23529411764706
32인치 모니터,21,16,76.19047619047619,3,1,33.333333333333336
지정일배송,46,13,28.26086956521739,14,6,42.857142857142854
벤자민무어,39,22,56.41025641025641,15,11,73.33333333333333
조구만스튜디오,35,15,42.857142857142854,17,7,41.1764705882353
아기그네,21,11,52.38095238095238,11,7,63.63636363636363
광폭수납장,40,24,60.0,9,4,44.44444444444444
원목 액자,12,5,41.666666666666664,7,3,42.857142857142854
lcd시계,11,7,63.63636363636363,2,1,50.0
우드림,14,10,71.42857142857143,4,4,100.0
라탄테이블,382,213,55.75916230366492,112,68,60.714285714285715
에이미테이블,15,5,33.333333333333336,10,5,50.0
무선센서등,25,14,56.0,7,6,85.71428571428571
커피머신테이블,55,13,23.636363636363637,34,8,23.529411764705884
포충기,65,43,66.15384615384616,19,14,73.6842105263158
견문,14,10,71.42857142857143,6,6,100.0
이사박스,244,122,50.0,96,61,63.541666666666664
원형통,12,1,8.333333333333334,9,1,11.11111111111111
사이드테이블원형,28,12,42.857142857142854,13,8,61.53846153846154
거실 카페트 아이보리,33,26,78.78787878787878,1,1,100.0
보루네오침대,40,28,70.0,6,5,83.33333333333333
오피스텔,38,1,2.6315789473684212,24,1,4.166666666666667
빨대텀블러,95,63,66.3157894736842,24,15,62.5
틈새 압축봉,12,9,75.0,4,3,75.0
죽통,16,8,50.0,5,2,40.0
빈티지조면,12,10,83.33333333333333,2,1,50.0
울랄라 파자마,25,15,60.0,5,2,40.0
타일카페트,3046,2035,66.80892974392646,661,553,83.66111951588502
마샬 워번2,12,8,66.66666666666667,2,2,100.0
에그 슬라이서,24,17,70.83333333333333,5,5,100.0
침대 책상,344,208,60.46511627906977,115,80,69.56521739130434
밥그릇정리,11,7,63.63636363636363,4,1,25.0
욕실 슬라이딩,10,4,40.0,2,2,100.0
차박커튼,192,138,71.875,33,29,87.87878787878788
Led화장대,65,46,70.76923076923077,13,11,84.61538461538461
sk매직인덕션,13,8,61.53846153846154,6,5,83.33333333333333
모듈화장대,96,50,52.083333333333336,28,20,71.42857142857143
키즈침구,13,7,53.84615384615385,3,3,100.0
일룸책장,60,24,40.0,25,15,60.0
떡갈나무,15,5,33.333333333333336,7,2,28.571428571428573
미니 접이식 테이블,39,20,51.282051282051285,8,7,87.5
포토 행거,153,49,32.02614379084967,80,32,40.0
캐리어 스티커,11,8,72.72727272727273,3,3,100.0
푹신한소파,13,5,38.46153846153846,6,3,50.0
꿀,12,3,25.0,6,2,33.333333333333336
침대시트,176,86,48.86363636363637,59,38,64.40677966101696
음지 식물,15,8,53.333333333333336,6,4,66.66666666666667
벽지 페인트,12,7,58.333333333333336,5,3,60.0
러그 화이트,33,21,63.63636363636363,7,5,71.42857142857143
방조명,40,14,35.0,17,7,41.1764705882353
브런치 접시,11,5,45.45454545454545,3,1,33.333333333333336
900렌지대,17,9,52.94117647058823,4,3,75.0
인테리어 나무,11,7,63.63636363636363,6,3,50.0
비스포크 냉동고,10,4,40.0,3,2,66.66666666666667
메이 옷장,11,7,63.63636363636363,3,3,100.0
옷 서랍,39,18,46.15384615384615,16,9,56.25
가스레인지 가림막,25,10,40.0,11,5,45.45454545454545
선풍기 저소음,13,8,61.53846153846154,4,3,75.0
파일꽂이,240,149,62.083333333333336,64,47,73.4375
침대범퍼가드,14,8,57.142857142857146,6,4,66.66666666666667
1단 행거,102,52,50.98039215686274,25,17,68.0
장미맨숀 벽선반 1750,18,13,72.22222222222223,1,1,100.0
소프트러그,38,28,73.6842105263158,7,7,100.0
브로마이드,26,5,19.23076923076923,12,4,33.333333333333336
멀티탭 usb,56,30,53.57142857142857,12,9,75.0
나비주름체크,40,39,97.5,1,1,100.0
냉장고장,294,125,42.51700680272109,103,50,48.54368932038835
수납스툴,537,352,65.54934823091247,102,78,76.47058823529412
수납침대 ss,17,13,76.47058823529412,3,3,100.0
가벼운이불,17,11,64.70588235294117,2,1,50.0
걸이수납,24,9,37.5,9,2,22.22222222222222
명화 디퓨저,10,6,60.0,5,4,80.0
행겔,10,7,70.0,1,1,100.0
압충봉,16,4,25.0,10,3,30.0
이케아 접이식 테이블,27,11,40.74074074074074,13,8,61.53846153846154
올리브나무,490,282,57.55102040816327,181,133,73.48066298342542
오늘의 딜,11,5,45.45454545454545,2,1,50.0
높은 책상,19,9,47.36842105263158,8,3,37.5
자동 디스펜서,55,40,72.72727272727273,11,9,81.81818181818181
손목쿠션,16,6,37.5,7,5,71.42857142857143
캔버스액자,430,242,56.27906976744186,96,63,65.625
700옷장,11,3,27.272727272727273,3,1,33.333333333333336
60수 차렵이불,29,20,68.96551724137932,5,3,60.0
담배냄새,21,10,47.61904761904762,9,6,66.66666666666667
충전식 led,20,10,50.0,6,3,50.0
손님상,113,37,32.743362831858406,35,14,40.0
매트리스커버 120 200,10,10,100.0,1,1,100.0
수납프레임 k,36,25,69.44444444444444,2,1,50.0
빌드웰러,16,10,62.5,6,2,33.333333333333336
양키캔들 방향제,12,7,58.333333333333336,3,2,66.66666666666667
화장실 청소도구,214,121,56.54205607476636,63,45,71.42857142857143
미니 후라이팬,31,16,51.61290322580645,11,7,63.63636363636363
티비다이 핑크,14,8,57.142857142857146,2,2,100.0
등받이벤치의자,16,5,31.25,9,2,22.22222222222222
모달침구,16,13,81.25,2,2,100.0
거실장2700,13,8,61.53846153846154,3,3,100.0
LG 디오스,10,6,60.0,2,2,100.0
문 가리개 커튼,15,7,46.666666666666664,3,3,100.0
접이식 렌지대,64,43,67.1875,12,9,75.0
야마하,20,9,45.0,11,7,63.63636363636363
오늘의집,178,11,6.179775280898877,139,6,4.316546762589928
3단토퍼,14,4,28.571428571428573,5,2,40.0
멀티데스크,14,9,64.28571428571429,6,5,83.33333333333333
모션데스크,589,301,51.10356536502547,149,100,67.11409395973155
실린더화병,13,7,53.84615384615385,6,4,66.66666666666667
침대스프레드,58,36,62.06896551724138,12,9,75.0
개미의자,16,12,75.0,5,5,100.0
투명 정리,10,8,80.0,1,1,100.0
현관문 수납,40,19,47.5,17,8,47.05882352941177
화장솜 면봉,21,12,57.142857142857146,3,3,100.0
스툴 선반,15,5,33.333333333333336,4,1,25.0
한샘 행거,177,83,46.89265536723164,58,36,62.06896551724138
파란들가구,12,2,16.666666666666668,8,2,25.0
Lsm,13,6,46.15384615384615,5,4,80.0
아일랜드식탁의자,1272,775,60.92767295597484,279,195,69.89247311827957
종이컵,94,45,47.87234042553192,33,13,39.39393939393939
hpm 타원형 식탁,11,9,81.81818181818181,1,1,100.0
레이디가구 거실장,10,5,50.0,3,3,100.0
알루미늄 테이블,10,6,60.0,4,3,75.0
안방 조명,37,15,40.54054054054054,17,8,47.05882352941177
린넨쇼파커버,11,8,72.72727272727273,2,1,50.0
트램폴린,14,6,42.857142857142854,8,4,50.0
몬타나,42,14,33.333333333333336,18,7,38.888888888888886
모달 이불,118,64,54.23728813559322,37,22,59.45945945945946
강아지 cctv,14,12,85.71428571428571,1,1,100.0
4인용세라믹식탁,37,24,64.86486486486487,1,1,100.0
거실서랍,16,8,50.0,5,3,60.0
호텔파리칠,70,31,44.285714285714285,30,14,46.666666666666664
디자인러그,56,29,51.785714285714285,19,13,68.42105263157895
우드발,47,14,29.78723404255319,24,12,50.0
아기방 속커튼,17,16,94.11764705882354,1,1,100.0
본체받침대,136,59,43.38235294117647,53,28,52.83018867924528
무인양품 이불,11,3,27.272727272727273,7,3,42.857142857142854
걸이용 조화,11,7,63.63636363636363,1,1,100.0
실리콘 세척솔,12,8,66.66666666666667,2,2,100.0
스텐 에어프라이어,29,23,79.3103448275862,4,4,100.0
아일랜드테이블,23,15,65.21739130434783,7,4,57.142857142857146
히든조명,25,14,56.0,11,7,63.63636363636363
레트로하우스 식탁,15,10,66.66666666666667,4,3,75.0
공기청정기펫,30,14,46.666666666666664,8,7,87.5
식탁세트,1705,920,53.95894428152493,338,221,65.38461538461539
라운드 전신거울,36,22,61.111111111111114,10,9,90.0
1600 홈바,12,10,83.33333333333333,1,1,100.0
큐브드레스룸,14,12,85.71428571428571,7,7,100.0
롤매트,474,318,67.0886075949367,122,86,70.49180327868852
머그 세트,12,9,75.0,4,3,75.0
원형 쿠션,42,29,69.04761904761905,9,7,77.77777777777777
여름 이불 체크,11,9,81.81818181818181,1,1,100.0
발판사다리,10,2,20.0,4,2,50.0
계량저울,49,34,69.38775510204081,10,8,80.0
봉집형,11,10,90.9090909090909,3,3,100.0
서랍장1200 5단,24,18,75.0,4,3,75.0
스타일러,710,332,46.76056338028169,274,164,59.85401459854015
용기,73,33,45.205479452054796,32,11,34.375
빈티지 페이퍼,15,13,86.66666666666667,3,3,100.0
화장실파티션,24,16,66.66666666666667,4,3,75.0
무선물걸레청소기,29,17,58.62068965517241,8,6,75.0
칼 살균,52,37,71.15384615384616,11,11,100.0
하드매트리스,45,33,73.33333333333333,13,12,92.3076923076923
세라믹 타원 식탁,12,6,50.0,2,2,100.0
300서랍장,36,14,38.888888888888886,13,8,61.53846153846154
막걸리병,12,4,33.333333333333336,7,3,42.857142857142854
변기 솔,41,30,73.17073170731707,8,6,75.0
인테리어 돌,17,9,52.94117647058823,8,6,75.0
패브릭천,350,170,48.57142857142857,109,59,54.12844036697248
펫공기청정기,44,26,59.09090909090909,8,8,100.0
속깊은 수납장,14,11,78.57142857142857,2,2,100.0
클라레,16,7,43.75,4,2,50.0
책상슽탠드,17,16,94.11764705882354,1,1,100.0
도자기 양념통,10,4,40.0,5,2,40.0
세면대 선반,68,44,64.70588235294117,20,11,55.0
이케아 매트,11,5,45.45454545454545,6,4,66.66666666666667
밴치스튤,23,19,82.6086956521739,1,1,100.0
투명 액자,31,17,54.83870967741935,11,7,63.63636363636363
갑티슈,12,6,50.0,5,3,60.0
퓨리케어,85,48,56.470588235294116,38,26,68.42105263157895
워치,30,14,46.666666666666664,13,4,30.76923076923077
전자레인지찜기,13,9,69.23076923076923,2,1,50.0
렌지수납장,65,30,46.15384615384615,24,14,58.333333333333336
코램프,45,25,55.55555555555556,14,12,85.71428571428571
동서화장대,19,16,84.21052631578948,1,1,100.0
데코뷰 조리도구,15,11,73.33333333333333,1,1,100.0
락카,11,3,27.272727272727273,8,3,37.5
쓰봉,46,28,60.869565217391305,16,15,93.75
협탁 레이스,11,7,63.63636363636363,3,2,66.66666666666667
문옷걸이,46,27,58.69565217391305,15,10,66.66666666666667
비스포크수납장,131,69,52.67175572519084,40,30,75.0
카카두,20,7,35.0,7,4,57.142857142857146
청소기 ,23,14,60.869565217391305,7,6,85.71428571428571
패브릭 가리개 ,12,9,75.0,2,2,100.0
꾸미까 정리,18,15,83.33333333333333,1,1,100.0
파티션책장,323,167,51.702786377708975,99,59,59.5959595959596
반원테이블 1400,21,16,76.19047619047619,5,5,100.0
트롤,12,2,16.666666666666668,10,2,20.0
미스터댕댕,13,7,53.84615384615385,2,2,100.0
문호수,10,6,60.0,2,2,100.0
비누 디스펜서,10,7,70.0,2,2,100.0
주방수건걸이,77,47,61.03896103896104,26,19,73.07692307692308
1000 라운드테이블,11,8,72.72727272727273,1,1,100.0
유리 선반,162,97,59.876543209876544,38,26,68.42105263157895
멀티팟,15,8,53.333333333333336,7,5,71.42857142857143
킹사이즈 이불,22,18,81.81818181818181,4,4,100.0
봄소와,33,13,39.39393939393939,14,4,28.571428571428573
화이트보드,606,345,56.93069306930693,176,113,64.20454545454545
인덕션 냄비세트,98,45,45.91836734693877,21,11,52.38095238095238
입주청소,141,46,32.6241134751773,50,28,56.0
실크커튼,42,14,33.333333333333336,26,8,30.76923076923077
본체수납장,37,10,27.027027027027028,19,8,42.10526315789474
소소낫,53,16,30.18867924528302,18,9,50.0
트루베퍼니처,176,65,36.93181818181818,50,30,60.0
소형선풍기,21,10,47.61904761904762,6,4,66.66666666666667
컵보관,22,3,13.636363636363637,16,1,6.25
양면 러그,11,7,63.63636363636363,1,1,100.0
솜베개,10,5,50.0,5,4,80.0
방수 원형러그,14,11,78.57142857142857,4,3,75.0
한샘 화장대,107,48,44.85981308411215,41,22,53.65853658536585
비콤마디,120,50,41.666666666666664,35,22,62.857142857142854
빨래 바구니 ,11,6,54.54545454545455,2,1,50.0
케이크스탠드,246,159,64.63414634146342,63,49,77.77777777777777
테팔 세트,10,7,70.0,2,2,100.0
포스터 미러,11,8,72.72727272727273,4,4,100.0
티비 벽걸이,15,8,53.333333333333336,4,2,50.0
반원 식탁,85,50,58.8235294117647,21,15,71.42857142857143
테이블스피커,16,10,62.5,5,4,80.0
로마네,484,268,55.37190082644628,110,74,67.27272727272727
아이정,64,31,48.4375,20,14,70.0
블랑,24,3,12.5,21,1,4.761904761904762
파운데이션,93,57,61.29032258064516,22,17,77.27272727272727
마스크 보관함,13,6,46.15384615384615,6,4,66.66666666666667
용돈토퍼,22,14,63.63636363636363,7,6,85.71428571428571
옷걸이 논슬립,28,23,82.14285714285714,3,3,100.0
케이크토퍼,36,18,50.0,17,9,52.94117647058823
노트북 테이블,76,43,56.578947368421055,27,15,55.55555555555556
좌식화장대800,11,10,90.9090909090909,2,1,50.0
캠핑베개,82,50,60.97560975609756,22,19,86.36363636363636
원목옷걸이,335,180,53.73134328358209,113,81,71.68141592920354
귀저기갈이대,17,10,58.8235294117647,7,4,57.142857142857146
라탄거실테이블,19,15,78.94736842105263,1,1,100.0
리퍼55인치  tv,27,20,74.07407407407408,1,1,100.0
사이드 협탁,180,123,68.33333333333333,41,29,70.73170731707317
당근,16,10,62.5,6,4,66.66666666666667
글로리가구,10,5,50.0,1,1,100.0
기계식키보드,78,36,46.15384615384615,22,13,59.09090909090909
모니터,1175,569,48.42553191489362,321,195,60.74766355140187
이동서랍,12,3,25.0,7,1,14.285714285714286
햇빛,16,4,25.0,12,2,16.666666666666668
아이닉에어프라이어,64,36,56.25,28,25,89.28571428571429
싱크대 물막이,258,106,41.08527131782946,88,54,61.36363636363637
선반 가림막,38,17,44.73684210526316,18,10,55.55555555555556
꼭꼬핀 ,14,5,35.714285714285715,6,4,66.66666666666667
콰트로에어,15,9,60.0,6,6,100.0
냄비받침 그레이,10,9,90.0,1,1,100.0
화이트 거실장,32,25,78.125,6,4,66.66666666666667
바지헹거,18,8,44.44444444444444,10,6,60.0
타이머무드등,26,13,50.0,9,7,77.77777777777777
오븐 선반,87,41,47.12643678160919,27,15,55.55555555555556
타워에어컨,12,7,58.333333333333336,3,3,100.0
2인침대,10,2,20.0,6,2,33.333333333333336
한샘 오슬로,13,8,61.53846153846154,5,4,80.0
투명컵,55,32,58.18181818181818,17,8,47.05882352941177
퍼니앤박스,20,10,50.0,5,5,100.0
우드수납장,72,32,44.44444444444444,35,15,42.857142857142854
전신거눌,19,3,15.789473684210526,15,1,6.666666666666667
파세코,93,44,47.31182795698925,38,22,57.89473684210526
바디럽 세면대용,11,2,18.181818181818183,4,1,25.0
미드센추리모덬,14,3,21.428571428571427,1,1,100.0
판넬,20,6,30.0,15,5,33.333333333333336
감성 침대,11,7,63.63636363636363,2,2,100.0
드립커피머신,24,12,50.0,8,5,62.5
킹프레임,31,18,58.064516129032256,7,6,85.71428571428571
반원 러그,161,85,52.79503105590062,57,31,54.3859649122807
체크 쿠션커버,10,8,80.0,4,3,75.0
티비 거치대,525,250,47.61904761904762,179,93,51.95530726256983
아이닉무선청소기,38,18,47.36842105263158,19,15,78.94736842105263
윙잇,16,8,50.0,8,5,62.5
라탄 대나무 바구니,13,9,69.23076923076923,1,1,100.0
컵 세트,82,31,37.80487804878049,27,8,29.62962962962963
침대이불세트,63,35,55.55555555555556,19,12,63.1578947368421
높은 수납 책장,12,11,91.66666666666667,1,1,100.0
리클라이너소파1인,55,23,41.81818181818182,25,14,56.0
전자레인지 오븐,41,15,36.58536585365854,16,9,56.25
돌침대쇼파,11,4,36.36363636363637,4,2,50.0
옷 정리,310,163,52.58064516129032,94,62,65.95744680851064
고양이 매트,97,56,57.7319587628866,30,20,66.66666666666667
베이비웍,42,14,33.333333333333336,17,10,58.8235294117647
슬림 신발장,74,45,60.810810810810814,20,16,80.0
수도꼭지,108,42,38.888888888888886,57,23,40.35087719298246
호텔가운,39,30,76.92307692307692,8,6,75.0
전심거울,83,34,40.963855421686745,28,9,32.142857142857146
하이메이드,19,5,26.31578947368421,13,4,30.76923076923077
휴대용 수저세트,12,8,66.66666666666667,3,2,66.66666666666667
피팅룸,25,13,52.0,14,9,64.28571428571429
오타쿠,12,0,0.0,7,0,0.0
리빙몽드,12,9,75.0,3,1,33.333333333333336
문턱,47,19,40.42553191489362,20,10,50.0
붙이는 벽시계,18,7,38.888888888888886,6,5,83.33333333333333
드레스룸 2000,12,8,66.66666666666667,2,2,100.0
쉬폰커튼 빠른,21,15,71.42857142857143,3,3,100.0
쿠션커버 50x140,13,12,92.3076923076923,1,1,100.0
튀김기,149,91,61.07382550335571,48,35,72.91666666666667
물병 스텐,10,9,90.0,1,1,100.0
Lg냉장고,18,7,38.888888888888886,8,5,62.5
아쿠아텍스4인쇼파,159,105,66.0377358490566,32,27,84.375
이케아거울,15,7,46.666666666666664,6,3,50.0
실버,104,68,65.38461538461539,22,10,45.45454545454545
베란다꾸미기,311,59,18.971061093247588,194,42,21.649484536082475
호랑이러그,136,65,47.794117647058826,51,32,62.745098039215684
전선고정,25,11,44.0,12,8,66.66666666666667
꼬메모이,91,50,54.94505494505494,20,12,60.0
이노센트,37,7,18.91891891891892,15,5,33.333333333333336
탁상 스탠드,45,21,46.666666666666664,13,6,46.15384615384615
책상등,24,11,45.833333333333336,9,5,55.55555555555556
도마 거치대,42,26,61.904761904761905,14,10,71.42857142857143
탁상용 선풍기,226,148,65.48672566371681,59,43,72.88135593220339
필기구,14,4,28.571428571428573,6,2,33.333333333333336
수경재배화병,74,43,58.108108108108105,23,16,69.56521739130434
일자책상,10,2,20.0,3,2,66.66666666666667
침대꾸미기,11,1,9.090909090909092,6,1,16.666666666666668
삼익가구 수납침대,19,13,68.42105263157895,4,3,75.0
여름 침대패드,174,111,63.793103448275865,48,35,72.91666666666667
애니핀,10,7,70.0,5,4,80.0
방묘창,48,21,43.75,25,12,48.0
명상,40,20,50.0,14,7,50.0
원목조명,25,12,48.0,8,6,75.0
의자 발,10,4,40.0,5,3,60.0
주방규조토,19,10,52.63157894736842,6,4,66.66666666666667
암막 맞춤,10,8,80.0,1,1,100.0
비닐정리함,79,48,60.75949367088607,23,15,65.21739130434783
꼬꼬떼,143,66,46.15384615384615,34,27,79.41176470588235
우드캠핑용품,11,6,54.54545454545455,4,3,75.0
오벌접시,23,12,52.17391304347826,7,3,42.857142857142854
아이코나,13,7,53.84615384615385,4,4,100.0
포크수저,32,9,28.125,13,4,30.76923076923077
연보라 수건,10,7,70.0,1,1,100.0
홀로그램 아크릴,10,7,70.0,4,4,100.0
아이앤지홈,12,0,0.0,7,0,0.0
두닷 서랍장,13,4,30.76923076923077,7,4,57.142857142857146
쌀독,25,13,52.0,9,7,77.77777777777777
스툴1 1,13,7,53.84615384615385,2,2,100.0
나무서랍,13,6,46.15384615384615,5,3,60.0
무채칼,41,29,70.73170731707317,6,5,83.33333333333333
명화포스터,66,39,59.09090909090909,14,11,78.57142857142857
아기데이베드,17,10,58.8235294117647,5,5,100.0
협탁 강화유리,14,12,85.71428571428571,1,1,100.0
방수포스터,10,6,60.0,4,3,75.0
검정의자,13,8,61.53846153846154,5,4,80.0
우드 가벽,27,14,51.851851851851855,10,6,60.0
전신고울,12,4,33.333333333333336,8,1,12.5
빌라501,22,16,72.72727272727273,8,8,100.0
욕실수납함,16,8,50.0,9,4,44.44444444444444
제봉틀,14,8,57.142857142857146,6,3,50.0
깃털,49,27,55.10204081632653,20,11,55.0
미니 북선반,13,6,46.15384615384615,8,4,50.0
마그네틱 거치대,12,4,33.333333333333336,6,3,50.0
침대 캐노피,31,12,38.70967741935484,12,5,41.666666666666664
400 선반,12,4,33.333333333333336,7,2,28.571428571428573
후라이팬정리대,777,423,54.44015444015444,218,154,70.64220183486239
휴대폰거치대,400,249,62.25,118,78,66.10169491525424
암막쉬폰,11,8,72.72727272727273,3,3,100.0
매트시공,18,12,66.66666666666667,4,3,75.0
편지함,11,2,18.181818181818183,9,1,11.11111111111111
코드 커버,11,5,45.45454545454545,6,3,50.0
캠핑 폴딩체어,11,9,81.81818181818181,2,1,50.0
무선 칫솔살균기,112,79,70.53571428571429,26,21,80.76923076923077
자석 비누홀더,11,5,45.45454545454545,2,1,50.0
까페테이블,19,7,36.8421052631579,7,3,42.857142857142854
페브릭커튼,65,35,53.84615384615385,26,15,57.69230769230769
대나무바구니,19,10,52.63157894736842,7,5,71.42857142857143
led 네온,12,8,66.66666666666667,1,1,100.0
메모리폼 메트리스,14,10,71.42857142857143,1,1,100.0
욕실 수전,83,38,45.78313253012048,29,15,51.724137931034484
월넛협탁,68,38,55.88235294117647,19,10,52.63157894736842
시라쿠스 네이처,32,14,43.75,7,5,71.42857142857143
와인반,10,0,0.0,10,0,0.0
페달휴지통,235,158,67.23404255319149,40,36,90.0
아일랜드식탁 확장형,40,30,75.0,5,4,80.0
다도세트,224,136,60.714285714285715,73,50,68.4931506849315
씨리얼,33,8,24.242424242424242,20,6,30.0
주방 상판,13,5,38.46153846153846,7,3,42.857142857142854
업소용 의자,12,6,50.0,4,3,75.0
인테리어 조명,60,21,35.0,26,10,38.46153846153846
달항아리그림,29,16,55.172413793103445,8,7,87.5
주방 정리,200,119,59.5,58,40,68.96551724137932
책상소품,22,8,36.36363636363637,8,5,62.5
프릴이불커버,45,34,75.55555555555556,9,8,88.88888888888889
리퍼 모니터,34,23,67.6470588235294,11,7,63.63636363636363
안뚫어고리 ,14,10,71.42857142857143,3,3,100.0
롱커튼,14,10,71.42857142857143,4,2,50.0
포인트시트지,18,4,22.22222222222222,10,3,30.0
화장,56,13,23.214285714285715,32,8,25.0
드라세나 맛상게아나,12,3,25.0,8,3,37.5
식탁세트 원목,19,16,84.21052631578948,2,2,100.0
자주 이불,10,7,70.0,5,4,80.0
인룸,11,4,36.36363636363637,5,3,60.0
애기침대,94,47,50.0,26,17,65.38461538461539
침대파운데이션,39,29,74.35897435897436,6,5,83.33333333333333
창안애 커튼,14,10,71.42857142857143,3,2,66.66666666666667
안뚫어 블라인드,22,11,50.0,7,5,71.42857142857143
욕실러그,162,96,59.25925925925926,35,26,74.28571428571429
침대안전가드,30,12,40.0,13,9,69.23076923076923
책모양,11,4,36.36363636363637,2,1,50.0
엘톤,18,8,44.44444444444444,6,5,83.33333333333333
옷장세트,110,66,60.0,25,21,84.0
음식물 건조,10,7,70.0,3,2,66.66666666666667
발코니 발판,12,8,66.66666666666667,2,2,100.0
실크플라워,11,5,45.45454545454545,4,2,50.0
화이트 벽선반,12,8,66.66666666666667,4,4,100.0
시스테마,19,10,52.63157894736842,6,5,83.33333333333333
수납 테이블,114,57,50.0,38,20,52.63157894736842
이동식 거울,56,29,51.785714285714285,22,14,63.63636363636363
변기교체,10,5,50.0,5,2,40.0
미술용품,11,2,18.181818181818183,8,2,25.0
여름 차렵,45,32,71.11111111111111,11,11,100.0
led 스탠드,44,30,68.18181818181819,10,5,50.0
원룸 식탁,30,16,53.333333333333336,13,8,61.53846153846154
2인용 가죽쇼파,21,16,76.19047619047619,2,2,100.0
소니wh1000xm4,450,270,60.0,190,138,72.63157894736842
침대원목깔판,24,13,54.166666666666664,5,4,80.0
사무실인테리어,27,5,18.51851851851852,13,3,23.076923076923077
플레이트,339,197,58.11209439528024,100,57,57.0
방수포,29,11,37.93103448275862,17,5,29.41176470588235
아일랜드 서랍장 600,10,7,70.0,3,3,100.0
우드가벽,10,5,50.0,5,4,80.0
6인그릇세트,63,36,57.142857142857146,16,10,62.5
무타공 거울,65,33,50.76923076923077,20,15,75.0
체어의자,38,25,65.78947368421052,8,4,50.0
넝쿨 가랜드,11,10,90.9090909090909,1,1,100.0
서랍장 7단,30,22,73.33333333333333,1,1,100.0
매직핸즈,82,49,59.75609756097561,21,15,71.42857142857143
가스 버너,67,17,25.37313432835821,36,10,27.77777777777778
이너매트,10,6,60.0,6,2,33.333333333333336
수납계단,32,16,50.0,11,5,45.45454545454545
낮은,11,0,0.0,8,0,0.0
평상형쇼파,28,13,46.42857142857143,15,7,46.666666666666664
침대  세트,10,7,70.0,1,1,100.0
매직핸들,14,7,50.0,3,3,100.0
서랍책상,110,31,28.181818181818183,47,16,34.04255319148936
커텐암막세트,10,7,70.0,1,1,100.0
수납 식탁,64,24,37.5,21,12,57.142857142857146
스텐팬,29,12,41.37931034482759,9,6,66.66666666666667
1 1 암막커튼,15,13,86.66666666666667,1,1,100.0
변기청소솔,56,41,73.21428571428571,11,9,81.81818181818181
전신거울￼,12,10,83.33333333333333,1,1,100.0
수납장 1400,15,7,46.666666666666664,5,2,40.0
쿠션 커버 ,13,5,38.46153846153846,1,1,100.0
신발장 매트,33,9,27.272727272727273,22,8,36.36363636363637
캠핑걸이,14,12,85.71428571428571,1,1,100.0
스탠드 스피커,17,5,29.41176470588235,10,3,30.0
사이드협탁,877,574,65.45039908779931,196,132,67.34693877551021
썸띵플레이,17,7,41.1764705882353,5,3,60.0
4인용식탁,432,292,67.5925925925926,91,66,72.52747252747253
다이어트식판,65,24,36.92307692307692,24,14,58.333333333333336
캠핑 드립,10,5,50.0,3,3,100.0
샴페인잔,178,98,55.056179775280896,50,35,70.0
커튼 빈티지,19,11,57.89473684210526,4,3,75.0
테라스 어닝,40,8,20.0,25,5,20.0
vitra,15,4,26.666666666666668,7,3,42.857142857142854
침대옆협탁,121,43,35.53719008264463,49,18,36.734693877551024
리퍼 서랍,13,4,30.76923076923077,7,3,42.857142857142854
이케아 매트리스,21,3,14.285714285714286,14,3,21.428571428571427
피크닉 파라솔,12,6,50.0,5,3,60.0
커피 머신,23,10,43.47826086956522,8,5,62.5
약통정리함,135,24,17.77777777777778,72,19,26.38888888888889
문걸이,434,212,48.8479262672811,146,74,50.68493150684932
베이직톶,37,1,2.7027027027027026,2,1,50.0
블랙 가구,14,11,78.57142857142857,2,2,100.0
아이방등,20,9,45.0,8,3,37.5
고양이화장실,532,307,57.70676691729323,103,78,75.72815533980582
샤워홀더,17,15,88.23529411764706,2,2,100.0
프랑코비닐,25,15,60.0,13,10,76.92307692307692
주방 인테리어,13,5,38.46153846153846,5,1,20.0
책상 시트지,70,35,50.0,26,18,69.23076923076923
어반던스,18,6,33.333333333333336,5,1,20.0
고양이 베란다,14,9,64.28571428571429,5,3,60.0
논슬립 패드,18,14,77.77777777777777,2,2,100.0
방,37,6,16.216216216216218,24,3,12.5
2인용 테이블,23,12,52.17391304347826,9,6,66.66666666666667
미니포스터,51,26,50.98039215686274,20,15,75.0
Tv 수납장,12,8,66.66666666666667,2,1,50.0
버섯스탠드,13,2,15.384615384615385,8,2,25.0
베란다정리,20,9,45.0,12,4,33.333333333333336
티비이젤,119,65,54.621848739495796,37,26,70.27027027027027
무소음벽시계,578,346,59.86159169550173,112,84,75.0
미디어세탁기,21,15,71.42857142857143,6,5,83.33333333333333
나무오브제,13,8,61.53846153846154,4,3,75.0
인견이불세트,89,72,80.89887640449439,12,11,91.66666666666667
러그 사이잘룩,13,10,76.92307692307692,4,4,100.0
체커보드 시트지,10,6,60.0,5,5,100.0
윤슬 포스터,52,24,46.15384615384615,20,10,50.0
이쑤시개,17,11,64.70588235294117,6,4,66.66666666666667
보니애가구의자,10,5,50.0,4,3,75.0
시디즈 에가,11,6,54.54545454545455,4,3,75.0
무점착시트지,102,67,65.68627450980392,31,25,80.64516129032258
라탄화분,99,54,54.54545454545455,29,19,65.51724137931035
실리밀리,14,9,64.28571428571429,2,2,100.0
폴딩 식탁 테이블,17,9,52.94117647058823,1,1,100.0
파크론주방매트,13,8,61.53846153846154,5,2,40.0
빠른커튼,18,12,66.66666666666667,3,3,100.0
주걱받침,19,10,52.63157894736842,8,8,100.0
데스커책장,174,67,38.50574712643678,65,37,56.92307692307692
까사베르데,53,14,26.41509433962264,15,8,53.333333333333336
현대미술,20,11,55.0,6,3,50.0
6공 다이어리,13,10,76.92307692307692,3,3,100.0
도어형공간박스,14,11,78.57142857142857,4,3,75.0
논슬립트레이,29,17,58.62068965517241,8,6,75.0
라탄 화분 바구니,11,5,45.45454545454545,4,4,100.0
방향제,666,226,33.933933933933936,317,120,37.85488958990536
신혼가구,10,8,80.0,2,1,50.0
강아지 테이블,11,3,27.272727272727273,7,3,42.857142857142854
침대 여름 패드,16,9,56.25,3,3,100.0
K침대,11,9,81.81818181818181,2,2,100.0
이케아방석,21,13,61.904761904761905,6,4,66.66666666666667
3단 철제 선반,15,10,66.66666666666667,2,2,100.0
채썰기,12,5,41.666666666666664,4,2,50.0
충격방지,29,17,58.62068965517241,11,4,36.36363636363637
일회용도시락,12,5,41.666666666666664,6,3,50.0
컵선반,263,98,37.26235741444867,114,52,45.6140350877193
레이스,651,345,52.995391705069125,193,112,58.031088082901555
탕온계,22,8,36.36363636363637,11,5,45.45454545454545
조명화장거울,10,5,50.0,1,1,100.0
후라이팬정리,25,16,64.0,6,5,83.33333333333333
창안애 암막 블라인드,16,15,93.75,1,1,100.0
싱크볼,189,96,50.79365079365079,75,40,53.333333333333336
라탄바스켓,70,42,60.0,17,17,100.0
바닥 카펫,11,8,72.72727272727273,3,3,100.0
사각후라이팬,93,52,55.913978494623656,31,22,70.96774193548387
폴리몰리빈백,45,32,71.11111111111111,14,11,78.57142857142857
식탁다리커버,22,9,40.90909090909091,12,6,50.0
슬로우매트리스,34,13,38.23529411764706,13,8,61.53846153846154
소창수건,41,30,73.17073170731707,9,9,100.0
리퍼 계단,10,6,60.0,3,3,100.0
러스,46,0,0.0,44,0,0.0
아이비조화,33,23,69.6969696969697,6,4,66.66666666666667
스마트 콘센트,16,7,43.75,7,4,57.142857142857146
공기청정,37,17,45.945945945945944,15,5,33.333333333333336
몬스터필로우탑,20,12,60.0,9,8,88.88888888888889
페이퍼,18,5,27.77777777777778,12,4,33.333333333333336
농구,21,15,71.42857142857143,6,4,66.66666666666667
선반헹거,43,32,74.4186046511628,7,6,85.71428571428571
주방 타올,11,5,45.45454545454545,4,2,50.0
욕실청소도구함,23,5,21.73913043478261,18,4,22.22222222222222
lc3,10,5,50.0,5,4,80.0
대리석거울,23,18,78.26086956521739,4,4,100.0
카트트롤리,53,36,67.9245283018868,13,10,76.92307692307692
토퍼커버,865,467,53.98843930635838,204,158,77.45098039215686
리빙다이닝테이블,29,10,34.48275862068966,9,4,44.44444444444444
욕실 물막이,59,32,54.23728813559322,21,14,66.66666666666667
서랍장 행거,13,6,46.15384615384615,5,3,60.0
스탠드장,10,7,70.0,3,1,33.333333333333336
아크릴 모듈,14,6,42.857142857142854,5,1,20.0
번호키,10,6,60.0,4,2,50.0
까사무띠,114,60,52.63157894736842,38,26,68.42105263157895
무빙쇼파,10,7,70.0,2,2,100.0
침대 프레임 퀸,1293,845,65.35189481825212,255,197,77.25490196078431
가스레인지가드,62,19,30.64516129032258,24,8,33.333333333333336
키즈욕실화,17,13,76.47058823529412,3,3,100.0
리퍼올리바,14,10,71.42857142857143,1,1,100.0
트레이 소품,19,12,63.1578947368421,1,1,100.0
조개무드등,30,12,40.0,14,7,50.0
아기욕조,85,46,54.11764705882353,31,16,51.61290322580645
라지킹프레임,300,202,67.33333333333333,49,40,81.63265306122449
물빠짐수저통,161,101,62.732919254658384,39,33,84.61538461538461
린넨 커튼,150,108,72.0,32,25,78.125
바닥 타일,200,95,47.5,80,51,63.75
레이스가리개,159,117,73.58490566037736,29,24,82.75862068965517
쇼파 리퍼,16,5,31.25,6,3,50.0
선반다이,10,9,90.0,1,1,100.0
푸벨드마망,24,16,66.66666666666667,8,7,87.5
우드 좌식테이블,10,6,60.0,4,3,75.0
고양이 이발기,15,7,46.666666666666664,1,1,100.0
문고정,50,30,60.0,16,10,62.5
게이밍책상,1173,629,53.6231884057971,247,182,73.6842105263158
산풍기,10,1,10.0,8,1,12.5
세라믹 홀더,13,8,61.53846153846154,2,1,50.0
침실 커튼,12,4,33.333333333333336,7,3,42.857142857142854
커텐레일,91,42,46.15384615384615,36,22,61.111111111111114
냄비정리대,380,213,56.05263157894737,124,77,62.096774193548384
마르쉬,29,25,86.20689655172414,3,3,100.0
7단서랍장,18,12,66.66666666666667,7,6,85.71428571428571
Usm,392,177,45.1530612244898,112,68,60.714285714285715
카운터,364,156,42.857142857142854,133,68,51.12781954887218
120*200침대패드,25,21,84.0,1,1,100.0
원목 받침,19,7,36.8421052631579,5,3,60.0
옷수납박스,98,59,60.204081632653065,25,18,72.0
Oen,46,39,84.78260869565217,4,4,100.0
무타공 블라인드,387,219,56.58914728682171,103,91,88.3495145631068
회색 포세린,10,9,90.0,1,1,100.0
데코뷰 트레이,10,5,50.0,5,3,60.0
분리수거비닐,53,20,37.735849056603776,14,6,42.857142857142854
방문손잡이,264,130,49.24242424242424,71,47,66.19718309859155
소창블랭킷,15,11,73.33333333333333,1,1,100.0
스크레쳐,82,50,60.97560975609756,19,16,84.21052631578948
옷수납선반,15,2,13.333333333333334,9,1,11.11111111111111
스텐바구니,18,10,55.55555555555556,9,5,55.55555555555556
이케아침대헤드,10,5,50.0,1,1,100.0
아크릴 받침대,16,5,31.25,9,3,33.333333333333336
파티션,10846,7008,64.61368246358104,2433,1843,75.7501027538019
욕실슬리퍼걸이,58,32,55.172413793103445,16,13,81.25
까사미아침대,62,25,40.32258064516129,26,13,50.0
벨벳의자,456,282,61.8421052631579,80,68,85.0
철제 3단 선반,10,9,90.0,3,3,100.0
쉐이커,54,32,59.25925925925926,23,11,47.82608695652174
Tv 서랍장,15,11,73.33333333333333,3,3,100.0
침대매트리스포함,60,42,70.0,6,4,66.66666666666667
리퍼식기세트,13,10,76.92307692307692,1,1,100.0
현관가리개커튼,48,36,75.0,6,5,83.33333333333333
커피캡슐보관,28,13,46.42857142857143,8,6,75.0
골드선반,13,9,69.23076923076923,3,1,33.333333333333336
수납자구니,18,16,88.88888888888889,1,1,100.0
벽등,1336,863,64.59580838323353,277,200,72.20216606498195
현관가림막,21,9,42.857142857142854,9,4,44.44444444444444
자명종,19,10,52.63157894736842,11,7,63.63636363636363
캠핑전구,71,41,57.74647887323944,19,14,73.6842105263158
주방수납 800,16,12,75.0,3,2,66.66666666666667
폴더매트,121,75,61.98347107438016,26,21,80.76923076923077
갤럭시워치,82,32,39.02439024390244,29,18,62.06896551724138
전동칫솔,160,80,50.0,60,38,63.333333333333336
마블 리퍼,12,1,8.333333333333334,1,1,100.0
무소음 양면벽시계,12,11,91.66666666666667,1,1,100.0
케이컴퍼니,25,10,40.0,11,5,45.45454545454545
신발장벤치,52,34,65.38461538461539,13,10,76.92307692307692
시계 거치대,20,11,55.0,11,6,54.54545454545455
원목미니선반,31,24,77.41935483870968,5,4,80.0
쇼피쿠션,29,15,51.724137931034484,7,3,42.857142857142854
옷장정리함,312,186,59.61538461538461,86,56,65.11627906976744
몰입체어,23,9,39.130434782608695,7,6,85.71428571428571
상도가구 행거,15,9,60.0,5,5,100.0
아이패드 케이스,216,108,50.0,84,41,48.80952380952381
우드 쟁반,10,5,50.0,3,3,100.0
문 시트지,50,22,44.0,26,14,53.84615384615385
이케아 말름,13,5,38.46153846153846,7,5,71.42857142857143
핑크전신거울,14,11,78.57142857142857,4,4,100.0
페니체,51,29,56.86274509803921,27,20,74.07407407407408
쿠션 솜포함,10,5,50.0,4,3,75.0
애니메이션,29,9,31.03448275862069,12,8,66.66666666666667
대나무트레이,25,21,84.0,6,5,83.33333333333333
맥주정리,20,12,60.0,6,5,83.33333333333333
그릇4인세트,36,25,69.44444444444444,5,5,100.0
바구니행거,15,7,46.666666666666664,6,2,33.333333333333336
도어 후크,99,59,59.5959595959596,34,22,64.70588235294117
뮤즈,35,17,48.57142857142857,16,9,56.25
쿠션실내화,36,20,55.55555555555556,6,6,100.0
비스포크 에어컨,14,7,50.0,8,5,62.5
베란다 조명,49,18,36.734693877551024,17,7,41.1764705882353
동물집,14,11,78.57142857142857,1,1,100.0
뱀부수납장,43,14,32.55813953488372,21,9,42.857142857142854
모던센츄리,62,15,24.193548387096776,25,8,32.0
화장대 콘솔,91,54,59.34065934065934,20,17,85.0
베스트슬립m3,14,6,42.857142857142854,6,4,66.66666666666667
휴테크,24,11,45.833333333333336,7,6,85.71428571428571
아르떼,36,17,47.22222222222222,13,6,46.15384615384615
모니터 거치대,87,47,54.02298850574713,36,21,58.333333333333336
진열장 600,28,14,50.0,4,4,100.0
침실카페트,12,7,58.333333333333336,3,2,66.66666666666667
덧신,34,20,58.8235294117647,14,8,57.142857142857146
비정형전신거울,35,17,48.57142857142857,15,10,66.66666666666667
넥타이정리,36,15,41.666666666666664,16,7,43.75
냉동실 ,23,15,65.21739130434783,2,1,50.0
아소방,16,8,50.0,7,5,71.42857142857143
푸프,95,52,54.73684210526316,26,16,61.53846153846154
돈가스,11,8,72.72727272727273,2,2,100.0
원터치 휴지통 20,10,8,80.0,1,1,100.0
가방걸이,1868,881,47.1627408993576,618,334,54.045307443365694
레이스 협탁보,11,8,72.72727272727273,3,3,100.0
lg 세탁기 건조기,12,10,83.33333333333333,1,1,100.0
피카노리,11,4,36.36363636363637,4,3,75.0
크롬캐스트4,15,8,53.333333333333336,10,8,80.0
아로마 가습기,30,22,73.33333333333333,4,4,100.0
이불세트 ,37,18,48.648648648648646,6,6,100.0
피규어장식장,173,65,37.57225433526011,84,34,40.476190476190474
50 책장,12,9,75.0,3,3,100.0
문 종,12,2,16.666666666666668,8,1,12.5
부엌 러그,16,10,62.5,5,3,60.0
재활용통,10,1,10.0,8,1,12.5
서랍 침대,28,14,50.0,12,8,66.66666666666667
코코도르 디퓨저,15,11,73.33333333333333,2,2,100.0
노출 콘센트,13,5,38.46153846153846,2,1,50.0
쇼케이스냉장고,57,21,36.8421052631579,21,13,61.904761904761905
메탈랙 선반,13,6,46.15384615384615,3,3,100.0
그라탕기,172,97,56.395348837209305,47,30,63.829787234042556
벽걸이 후크,143,90,62.93706293706294,37,25,67.56756756756756
워싱면커튼,11,4,36.36363636363637,3,1,33.333333333333336
라탄 조명,126,56,44.44444444444444,53,22,41.509433962264154
엣프터,15,2,13.333333333333334,10,2,20.0
배변패드,156,93,59.61538461538461,50,37,74.0
일체형싱글침대,12,8,66.66666666666667,2,2,100.0
이불옷장,12,10,83.33333333333333,3,3,100.0
고무나무원목,17,11,64.70588235294117,2,1,50.0
비행기창문,70,32,45.714285714285715,31,24,77.41935483870968
1200 소파테이블,10,7,70.0,1,1,100.0
야생화,11,6,54.54545454545455,4,3,75.0
긴 발매트,24,15,62.5,5,4,80.0
좌식테이블 1200,29,19,65.51724137931035,5,5,100.0
메트릭스,51,17,33.333333333333336,15,11,73.33333333333333
더함,302,61,20.198675496688743,34,22,64.70588235294117
북유럽 조명,11,7,63.63636363636363,3,3,100.0
레이스러그,16,6,37.5,7,2,28.571428571428573
장난감 정리,27,16,59.25925925925926,8,5,62.5
토기화분,11,5,45.45454545454545,5,3,60.0
방음패드,19,5,26.31578947368421,15,4,26.666666666666668
헹켈 프라이팬,10,6,60.0,1,1,100.0
티셔츠정리,141,89,63.12056737588652,39,32,82.05128205128206
포터리,10,6,60.0,4,4,100.0
미니술장고,16,13,81.25,3,3,100.0
애견 라탄,10,6,60.0,1,1,100.0
고정 의자,14,10,71.42857142857143,4,3,75.0
식탁 반원,11,5,45.45454545454545,3,3,100.0
지누스 매트리스 퀸,11,5,45.45454545454545,2,2,100.0
리바트서랍장,24,10,41.666666666666664,11,5,45.45454545454545
우드 휴지통,51,35,68.62745098039215,11,9,81.81818181818181
선반 450,22,13,59.09090909090909,5,5,100.0
과일접시,69,27,39.130434782608695,26,11,42.30769230769231
오로라 단스탠드,25,15,60.0,10,9,90.0
샴푸선반,12,6,50.0,4,3,75.0
노트북 쿨링,10,6,60.0,2,2,100.0
케이블홀더,60,37,61.666666666666664,18,14,77.77777777777777
무드등 스피커,11,6,54.54545454545455,4,4,100.0
스퀘어 매트,13,11,84.61538461538461,2,2,100.0
Weck,36,23,63.888888888888886,8,6,75.0
대파,18,4,22.22222222222222,11,3,27.272727272727273
매스티지데코 리퍼,18,6,33.333333333333336,3,3,100.0
베개방수커버,12,6,50.0,4,3,75.0
